"(-10, 20)",41629
"(-15, 25)",40445
"(-10, 24)",33613
"(-10, 22)",31768
"(-10, 17)",28876
"(-18, 27)",28197
"(-15, 24)",25793
"(-15, 27)",25404
"(-18, 25)",25279
"(-10, 10)",23829
"(-17, 24)",23203
"(-18, 29)",23171
"(-19, 22)",22789
"(-19, 27)",22489
"(-10, 12)",22416
"(-19, 20)",21701
"(-15, 22)",21696
"(-10, 19)",20464
"(-13, 24)",19757
"(-18, 19)",19615
"(-19, 24)",18140
"(-16, 25)",17275
"(-17, 26)",17010
"(-17, 19)",16709
"(-6, 15)",16648
"(-9, 17)",16481
"(-14, 24)",16061
"(-16, 24)",15725
"(-18, 32)",15267
"(-15, 20)",15201
"(-11, 19)",14505
"(-9, 25)",14489
"(-28, 32)",14211
"(-28, 34)",14088
"(-12, 24)",13920
"(-22, 24)",13911
"(-17, 29)",13795
"(-10, 25)",13708
"(-10, 14)",13578
"(-9, 22)",13457
"(-15, 17)",13445
"(-17, 27)",13041
"(-11, 20)",12790
"(-15, 19)",12757
"(-13, 22)",12733
"(-23, 25)",12694
"(-18, 22)",12627
"(-19, 25)",12465
"(-8, 24)",12306
"(-12, 22)",12001
"(-16, 30)",11604
"(-18, 20)",11449
"(-6, 20)",11409
"(-11, 23)",11023
"(-6, 14)",10931
"(-24, 30)",10657
"(-9, 9)",10524
"(-19, 23)",10398
"(-6, 17)",10342
"(-24, 27)",10159
"(-9, 27)",10043
"(-21, 24)",10022
"(-24, 25)",10006
"(-10, 21)",9986
"(-10, 27)",9741
"(-9, 15)",9684
"(-16, 19)",9604
"(-9, 18)",9577
"(-21, 22)",9432
"(-6, 12)",9334
"(-20, 24)",9281
"(-10, 15)",9177
"(-19, 29)",9158
"(-16, 17)",9125
"(-11, 25)",9068
"(-11, 22)",9025
"(-22, 27)",8807
"(-6, 22)",8756
"(-24, 29)",8734
"(-14, 19)",8672
"(-22, 25)",8525
"(-18, 24)",8496
"(-9, 19)",8426
"(-15, 29)",8412
"(-8, 17)",8363
"(-27, 32)",8356
"(-12, 19)",8245
"(-11, 15)",8172
"(-16, 23)",7820
"(-21, 25)",7770
"(-21, 21)",7716
"(-28, 30)",7696
"(-9, 20)",7691
"(-7, 15)",7689
"(-15, 15)",7642
"(-17, 20)",7498
"(-19, 19)",7461
"(-8, 16)",7350
"(-12, 20)",7334
"(-31, 37)",7328
"(-22, 22)",7305
"(-20, 25)",7271
"(-6, 10)",7267
"(-8, 14)",7226
"(-29, 33)",7208
"(-6, 7)",7154
"(-13, 14)",7146
"(-23, 26)",7121
"(-13, 21)",7038
"(-26, 29)",6976
"(-11, 14)",6901
"(-15, 18)",6899
"(-7, 17)",6889
"(-12, 25)",6870
"(-6, 24)",6836
"(-13, 15)",6793
"(-7, 20)",6761
"(-19, 30)",6745
"(-13, 25)",6742
"(-17, 17)",6690
"(-23, 27)",6498
"(-9, 24)",6492
"(-12, 14)",6465
"(-17, 22)",6374
"(-10, 29)",6364
"(-24, 28)",6288
"(-14, 16)",6207
"(-14, 15)",6148
"(-20, 22)",6099
"(-16, 20)",6096
"(-6, 19)",6074
"(-11, 17)",6042
"(-7, 19)",6023
"(-17, 32)",5987
"(-7, 14)",5959
"(-6, 9)",5935
"(-16, 27)",5907
"(-14, 23)",5875
"(-23, 24)",5850
"(-14, 25)",5771
"(-20, 20)",5770
"(-7, 23)",5653
"(-21, 23)",5650
"(-25, 27)",5643
"(-7, 24)",5610
"(-13, 17)",5585
"(-11, 12)",5524
"(-12, 26)",5520
"(-10, 30)",5518
"(-19, 32)",5472
"(-21, 27)",5471
"(0, 0)",5443
"(-28, 31)",5364
"(-2, 7)",5349
"(-19, 21)",5312
"(-25, 29)",5285
"(-12, 15)",5258
"(-28, 35)",5246
"(-20, 26)",5240
"(-8, 10)",5201
"(-13, 20)",5189
"(-13, 27)",5188
"(-12, 18)",5183
"(-7, 9)",5169
"(-8, 22)",5167
"(-14, 17)",5163
"(-20, 23)",5153
"(-16, 29)",5144
"(-16, 21)",5063
"(-14, 22)",5027
"(-23, 30)",5015
"(-8, 19)",4982
"(-27, 29)",4851
"(-9, 29)",4810
"(-20, 21)",4797
"(-17, 30)",4766
"(-7, 25)",4762
"(-8, 20)",4739
"(-20, 19)",4685
"(-22, 23)",4638
"(-23, 29)",4624
"(-24, 26)",4548
"(-14, 26)",4529
"(0, 1)",4503
"(-6, 25)",4477
"(0, 2)",4477
"(-29, 35)",4473
"(-11, 26)",4457
"(-13, 19)",4442
"(-31, 34)",4426
"(-8, 27)",4382
"(-26, 30)",4361
"(-14, 20)",4323
"(-26, 32)",4317
"(-27, 30)",4173
"(-12, 11)",4169
"(-26, 27)",4167
"(-7, 7)",4123
"(-12, 17)",4113
"(-7, 21)",4109
"(-24, 32)",4089
"(-31, 35)",4029
"(-7, 10)",4014
"(-12, 28)",4005
"(-2, 15)",3922
"(-5, 15)",3922
"(-10, 28)",3902
"(-7, 27)",3880
"(-5, 9)",3865
"(2, 0)",3821
"(-22, 29)",3811
"(-12, 12)",3791
"(-11, 27)",3757
"(-24, 24)",3753
"(-7, 13)",3720
"(-25, 31)",3709
"(-30, 35)",3665
"(-18, 30)",3665
"(1, 0)",3648
"(-2, 5)",3636
"(-30, 34)",3583
"(-1, 4)",3560
"(-27, 27)",3546
"(-20, 27)",3479
"(-2, 9)",3471
"(-18, 18)",3440
"(-5, 14)",3438
"(-15, 37)",3424
"(-14, 27)",3410
"(-27, 34)",3386
"(-17, 18)",3319
"(-10, 9)",3304
"(-6, 5)",3276
"(-13, 29)",3253
"(-21, 28)",3241
"(-25, 33)",3197
"(-9, 14)",3194
"(-23, 23)",3173
"(-17, 16)",3156
"(-27, 28)",3140
"(-11, 16)",3087
"(-3, 9)",3071
"(-26, 26)",3034
"(-31, 39)",3027
"(-2, 12)",3011
"(-6, 18)",3003
"(-6, 27)",2993
"(-15, 35)",2971
"(-26, 34)",2959
"(-22, 26)",2951
"(-27, 35)",2891
"(-9, 11)",2860
"(-15, 21)",2858
"(-6, 11)",2852
"(-5, 10)",2850
"(-4, 10)",2848
"(-18, 21)",2829
"(-15, 32)",2800
"(-2, 4)",2778
"(-4, 14)",2770
"(-28, 40)",2736
"(-5, 12)",2726
"(-28, 29)",2719
"(-7, 11)",2698
"(-28, 27)",2664
"(-9, 12)",2660
"(-30, 36)",2654
"(-25, 28)",2628
"(-25, 25)",2619
"(-4, 7)",2594
"(-7, 12)",2590
"(-3, 7)",2572
"(-14, 14)",2529
"(-8, 9)",2526
"(-4, 12)",2524
"(0, 4)",2523
"(-21, 19)",2520
"(-22, 20)",2517
"(-15, 30)",2500
"(-22, 30)",2481
"(-4, 9)",2458
"(-16, 18)",2415
"(-25, 26)",2414
"(-19, 17)",2413
"(-2, 2)",2374
"(-8, 29)",2371
"(-15, 16)",2369
"(-5, 7)",2321
"(-5, 16)",2312
"(-1, 3)",2305
"(-8, 15)",2303
"(-2, 6)",2299
"(-3, 10)",2263
"(-1, 5)",2258
"(-5, 20)",2236
"(-32, 40)",2204
"(-2, 10)",2191
"(-16, 22)",2189
"(-1, 7)",2188
"(-3, 12)",2178
"(-11, 29)",2152
"(-4, 5)",2115
"(-5, 5)",2102
"(-32, 37)",2089
"(-21, 26)",2084
"(-30, 32)",2081
"(-4, 15)",2069
"(-2, 8)",2038
"(-14, 29)",2015
"(-6, 8)",2011
"(-10, 16)",2006
"(-6, 28)",1997
"(-21, 29)",1987
"(0, 5)",1967
"(-3, 14)",1926
"(-5, 6)",1925
"(-8, 12)",1897
"(-32, 39)",1878
"(-10, 37)",1869
"(-2, 17)",1851
"(-32, 42)",1840
"(-25, 24)",1837
"(-14, 30)",1836
"(-15, 34)",1831
"(-4, 4)",1813
"(-28, 37)",1805
"(-17, 21)",1799
"(-16, 15)",1786
"(-4, 13)",1781
"(-5, 17)",1770
"(-1, 0)",1747
"(-14, 32)",1739
"(-4, 17)",1724
"(-19, 31)",1724
"(-26, 28)",1722
"(-3, 5)",1710
"(-3, 15)",1702
"(-13, 16)",1680
"(-16, 16)",1679
"(-12, 36)",1678
"(-23, 28)",1675
"(-29, 37)",1666
"(-24, 34)",1648
"(-16, 32)",1646
"(0, 3)",1639
"(-29, 32)",1636
"(-32, 36)",1629
"(-23, 22)",1628
"(-14, 37)",1614
"(-25, 30)",1592
"(-4, 3)",1589
"(-15, 39)",1584
"(-10, 39)",1574
"(-12, 16)",1567
"(-2, 0)",1538
"(-2, 14)",1534
"(-15, 14)",1527
"(-18, 17)",1523
"(-9, 10)",1519
"(-29, 36)",1499
"(-24, 35)",1483
"(-11, 10)",1468
"(-28, 39)",1454
"(-1, 2)",1446
"(-26, 24)",1444
"(-32, 34)",1430
"(-5, 19)",1422
"(-7, 29)",1419
"(-21, 30)",1412
"(-8, 8)",1409
"(-21, 20)",1391
"(2, 2)",1386
"(-18, 23)",1379
"(-27, 25)",1375
"(-23, 32)",1366
"(-10, 32)",1302
"(-5, 24)",1297
"(-10, 40)",1296
"(-24, 22)",1293
"(-32, 35)",1285
"(-8, 13)",1285
"(-10, 13)",1283
"(-12, 29)",1278
"(-19, 34)",1269
"(1, 1)",1264
"(-24, 20)",1257
"(-27, 37)",1250
"(-28, 25)",1231
"(-30, 40)",1224
"(-10, 7)",1218
"(-31, 32)",1218
"(-3, 6)",1214
"(-15, 36)",1209
"(-11, 13)",1196
"(-23, 34)",1190
"(-19, 15)",1180
"(-1, 14)",1175
"(-9, 13)",1170
"(-16, 34)",1160
"(-3, 17)",1155
"(-26, 31)",1155
"(-22, 28)",1146
"(3, 0)",1136
"(-16, 31)",1133
"(-23, 20)",1115
"(-12, 13)",1111
"(-22, 31)",1095
"(-14, 18)",1094
"(-27, 31)",1077
"(-6, 29)",1076
"(-29, 29)",1076
"(-27, 39)",1065
"(-24, 37)",1064
"(1, 2)",1055
"(-8, 11)",1051
"(0, 7)",1046
"(-10, 35)",1045
"(-13, 12)",1025
"(-29, 39)",1018
"(-20, 30)",1014
"(-9, 30)",999
"(-12, 30)",992
"(-2, 20)",991
"(-18, 34)",990
"(-22, 32)",989
"(-11, 35)",983
"(-5, 13)",980
"(-4, 19)",979
"(-7, 8)",971
"(-28, 24)",970
"(-23, 33)",968
"(-15, 12)",963
"(-28, 42)",956
"(-11, 30)",953
"(-5, 4)",948
"(-12, 34)",944
"(-5, 22)",944
"(-6, 26)",942
"(-13, 13)",941
"(-4, 6)",941
"(-17, 23)",931
"(-29, 40)",925
"(-3, 8)",924
"(-13, 37)",924
"(-1, 6)",919
"(-5, 23)",917
"(-22, 21)",916
"(-24, 21)",916
"(-30, 39)",895
"(-5, 8)",894
"(-19, 18)",888
"(-13, 32)",885
"(-2, 19)",880
"(-15, 40)",878
"(-8, 6)",868
"(-32, 44)",865
"(-3, 2)",858
"(-4, 8)",847
"(-13, 18)",838
"(-24, 23)",836
"(0, 6)",831
"(-13, 39)",821
"(-19, 26)",820
"(-17, 25)",817
"(-13, 31)",812
"(-24, 31)",812
"(-25, 34)",807
"(-14, 33)",806
"(-4, 20)",806
"(-23, 19)",803
"(-14, 12)",802
"(-7, 30)",802
"(-3, 4)",801
"(-20, 18)",797
"(-28, 38)",793
"(-14, 35)",788
"(-20, 32)",787
"(-4, 24)",787
"(-1, 9)",782
"(-2, 3)",778
"(-17, 33)",777
"(-6, 32)",772
"(-22, 34)",768
"(-2, 13)",765
"(-19, 39)",763
"(-6, 4)",763
"(2, 4)",752
"(-7, 5)",752
"(-28, 33)",748
"(-29, 30)",746
"(-11, 39)",741
"(-14, 34)",740
"(-19, 14)",723
"(-1, 12)",720
"(-25, 35)",715
"(-10, 11)",713
"(-11, 37)",706
"(-11, 32)",705
"(-31, 41)",702
"(-26, 22)",700
"(2, 1)",698
"(-19, 37)",694
"(-12, 32)",694
"(-15, 10)",692
"(-25, 32)",690
"(-5, 11)",686
"(-12, 35)",686
"(-12, 38)",685
"(1, 5)",682
"(-25, 21)",680
"(-21, 32)",671
"(-10, 34)",671
"(-13, 34)",660
"(-32, 43)",652
"(-12, 10)",651
"(-30, 29)",644
"(-11, 9)",643
"(-25, 20)",640
"(-13, 35)",639
"(4, 0)",638
"(-20, 33)",638
"(-26, 36)",634
"(-12, 39)",634
"(-3, 20)",630
"(-26, 33)",622
"(-3, 19)",621
"(-9, 32)",620
"(-6, 6)",620
"(-29, 42)",618
"(-29, 26)",618
"(-17, 15)",613
"(-9, 7)",612
"(0, 9)",611
"(-4, 11)",609
"(-21, 34)",608
"(-1, 15)",606
"(-10, 31)",606
"(-27, 33)",605
"(-31, 44)",593
"(-20, 35)",591
"(-6, 30)",582
"(-4, 21)",580
"(-24, 38)",580
"(-11, 11)",573
"(-18, 15)",568
"(-17, 37)",568
"(-7, 6)",561
"(6, 0)",558
"(-24, 19)",557
"(0, 8)",554
"(-22, 39)",554
"(-16, 13)",553
"(-2, 22)",553
"(-6, 13)",546
"(-24, 39)",545
"(-23, 31)",541
"(-2, 25)",537
"(-29, 31)",531
"(-19, 16)",529
"(-1, 10)",526
"(-16, 38)",525
"(-16, 14)",524
"(-31, 30)",518
"(-2, 16)",516
"(-11, 40)",513
"(-14, 13)",513
"(-26, 39)",511
"(-1, 1)",508
"(-29, 34)",506
"(-17, 34)",504
"(-5, 32)",503
"(-22, 19)",502
"(-10, 38)",496
"(-19, 35)",493
"(-30, 33)",489
"(-12, 9)",487
"(-32, 52)",480
"(-33, 38)",473
"(-8, 7)",472
"(-23, 37)",459
"(-26, 37)",458
"(-3, 3)",458
"(-15, 42)",457
"(-3, 1)",456
"(-26, 25)",455
"(-32, 30)",453
"(-31, 31)",452
"(-4, 32)",451
"(-31, 42)",448
"(-23, 35)",447
"(-16, 37)",441
"(-28, 41)",439
"(-30, 42)",437
"(-27, 40)",435
"(-14, 21)",435
"(5, 0)",435
"(-10, 42)",434
"(-3, 11)",427
"(-19, 40)",426
"(-28, 44)",425
"(-37, 42)",425
"(-7, 22)",425
"(-15, 23)",422
"(-14, 42)",421
"(-21, 35)",418
"(-4, 22)",413
"(-32, 33)",410
"(-15, 11)",404
"(-17, 14)",401
"(-27, 24)",401
"(-18, 35)",399
"(-20, 39)",394
"(-16, 35)",394
"(-14, 40)",394
"(-28, 22)",390
"(-6, 35)",387
"(-13, 23)",387
"(-2, 30)",386
"(-31, 51)",383
"(-8, 30)",382
"(-20, 28)",380
"(-32, 45)",380
"(-11, 18)",380
"(-28, 28)",377
"(-9, 16)",376
"(-2, 27)",373
"(-21, 36)",371
"(-11, 33)",370
"(-5, 25)",367
"(-18, 26)",366
"(-24, 33)",364
"(-31, 49)",363
"(-30, 28)",360
"(-25, 40)",360
"(-18, 39)",359
"(-13, 10)",359
"(-12, 42)",357
"(-14, 9)",357
"(-5, 2)",356
"(-2, 32)",353
"(-32, 32)",353
"(-18, 16)",351
"(-29, 45)",351
"(-5, 27)",350
"(-32, 47)",350
"(-33, 40)",350
"(-13, 42)",350
"(-25, 39)",349
"(-3, 22)",347
"(-21, 38)",347
"(-29, 43)",346
"(-37, 49)",343
"(-22, 35)",341
"(-12, 40)",341
"(-20, 37)",335
"(-22, 37)",335
"(-33, 39)",330
"(-35, 47)",330
"(-2, 24)",330
"(-28, 45)",327
"(-14, 10)",325
"(-10, 18)",325
"(-26, 19)",325
"(-16, 41)",323
"(2, -1)",323
"(-39, 49)",323
"(-20, 16)",319
"(2, 5)",317
"(-28, 36)",316
"(-32, 49)",315
"(-13, 44)",313
"(-23, 21)",313
"(-9, 8)",310
"(0, 11)",309
"(-33, 37)",307
"(-17, 39)",306
"(-12, 21)",305
"(-7, 31)",305
"(-6, 21)",304
"(-5, 34)",300
"(-32, 29)",300
"(-30, 44)",299
"(-27, 42)",298
"(6, -2)",297
"(-21, 39)",297
"(-20, 29)",295
"(-15, 13)",293
"(-30, 49)",287
"(-29, 27)",287
"(-26, 35)",286
"(-30, 25)",286
"(-2, 29)",286
"(-6, 37)",286
"(-37, 50)",285
"(3, 2)",284
"(-3, 24)",283
"(-6, 39)",283
"(-10, 41)",282
"(-26, 20)",280
"(-9, 36)",280
"(-6, 34)",279
"(-9, 39)",279
"(1, 3)",278
"(-31, 36)",278
"(-14, 39)",277
"(-33, 31)",277
"(-19, 28)",277
"(-30, 38)",277
"(-4, 25)",277
"(-20, 17)",276
"(-2, 1)",275
"(-17, 35)",275
"(2, -2)",275
"(-11, 8)",274
"(-40, 51)",273
"(-9, 5)",272
"(-29, 24)",270
"(-31, 27)",268
"(-23, 39)",268
"(-4, 31)",268
"(-34, 40)",266
"(-41, 52)",266
"(-37, 44)",264
"(-11, 42)",264
"(-23, 40)",262
"(-10, 6)",261
"(-4, 2)",260
"(-34, 41)",258
"(-27, 21)",258
"(-28, 47)",256
"(-5, 30)",254
"(-3, 0)",250
"(-27, 22)",249
"(-38, 51)",249
"(0, -1)",248
"(-34, 39)",247
"(-12, 44)",245
"(1, -1)",243
"(-18, 36)",243
"(-4, 29)",242
"(-40, 49)",242
"(-18, 14)",241
"(-24, 45)",241
"(-23, 44)",241
"(-27, 36)",240
"(-30, 27)",237
"(-36, 49)",237
"(-31, 33)",237
"(-14, 44)",235
"(-11, 43)",235
"(7, 0)",234
"(2, -5)",233
"(-31, 29)",232
"(-22, 17)",232
"(-27, 26)",232
"(-19, 38)",230
"(-30, 37)",230
"(-41, 44)",229
"(-24, 40)",229
"(-36, 45)",228
"(-33, 42)",227
"(-12, 23)",225
"(-3, 26)",225
"(-13, 11)",223
"(-25, 23)",222
"(-1, 20)",222
"(6, -1)",221
"(-33, 44)",220
"(-31, 45)",220
"(-34, 45)",220
"(-15, 52)",219
"(-21, 31)",218
"(-33, 47)",217
"(0, 14)",216
"(0, 19)",216
"(-36, 42)",214
"(-26, 40)",214
"(-21, 40)",213
"(-37, 51)",212
"(-30, 31)",212
"(-5, 37)",211
"(-24, 47)",211
"(-10, 8)",209
"(2, 7)",209
"(-36, 47)",209
"(4, -5)",208
"(-8, 32)",208
"(-13, 9)",208
"(-16, 40)",207
"(-33, 45)",207
"(-31, 38)",206
"(-17, 12)",205
"(1, -2)",204
"(-35, 40)",204
"(-35, 51)",202
"(-32, 38)",201
"(-3, 35)",200
"(-6, 33)",200
"(-9, 34)",200
"(-37, 45)",200
"(-34, 42)",200
"(-8, 35)",199
"(-35, 43)",198
"(1, 4)",197
"(-13, 45)",197
"(-35, 34)",196
"(-37, 40)",196
"(-9, 6)",196
"(-14, 47)",195
"(-7, 16)",195
"(-34, 44)",195
"(-21, 17)",193
"(-7, 35)",193
"(0, 10)",193
"(-18, 37)",193
"(-39, 51)",193
"(-2, 23)",192
"(0, 12)",191
"(-35, 44)",190
"(-11, 24)",189
"(-23, 47)",189
"(-33, 52)",189
"(-22, 41)",189
"(-35, 42)",187
"(-15, 26)",187
"(-30, 47)",187
"(-29, 44)",186
"(-8, 23)",185
"(-34, 51)",185
"(-43, 54)",184
"(-11, 21)",184
"(-30, 46)",183
"(-34, 47)",182
"(-23, 42)",181
"(-3, 29)",181
"(-34, 31)",181
"(-31, 40)",181
"(-10, 44)",180
"(-20, 31)",179
"(-34, 49)",179
"(-10, 23)",178
"(3, -2)",178
"(-39, 52)",178
"(-1, 8)",178
"(-33, 49)",177
"(-19, 41)",177
"(-32, 50)",175
"(-45, 56)",174
"(-20, 40)",174
"(-27, 19)",173
"(-37, 37)",173
"(-16, 26)",173
"(-16, 12)",173
"(-37, 39)",171
"(-9, 21)",171
"(-32, 51)",171
"(-24, 49)",171
"(-33, 35)",171
"(7, -5)",171
"(-36, 52)",170
"(-29, 38)",170
"(-16, 42)",169
"(-8, 18)",169
"(-41, 49)",169
"(-27, 20)",168
"(-32, 54)",168
"(-18, 40)",168
"(-15, 43)",166
"(-25, 41)",166
"(-22, 42)",166
"(0, 22)",166
"(-18, 28)",165
"(-36, 46)",165
"(-9, 35)",164
"(-30, 45)",163
"(-25, 36)",163
"(-31, 48)",163
"(-34, 37)",163
"(-29, 47)",163
"(-15, 45)",162
"(-43, 51)",161
"(-28, 20)",160
"(-4, 27)",160
"(-18, 12)",160
"(4, 2)",159
"(-6, 2)",159
"(-15, 47)",159
"(-35, 50)",159
"(-34, 48)",159
"(-11, 7)",159
"(-24, 36)",158
"(-35, 39)",158
"(-10, 45)",156
"(-2, 33)",156
"(-24, 17)",155
"(-9, 37)",154
"(-7, 3)",154
"(-24, 46)",154
"(-21, 33)",154
"(-29, 25)",153
"(-38, 49)",153
"(-29, 22)",152
"(7, -2)",151
"(-10, 5)",151
"(-35, 49)",151
"(-22, 33)",151
"(-41, 51)",149
"(6, -5)",148
"(6, -4)",147
"(-21, 14)",146
"(-17, 51)",146
"(-37, 52)",145
"(-7, 34)",145
"(8, 0)",145
"(-36, 37)",145
"(-23, 36)",145
"(-31, 47)",144
"(-1, 11)",144
"(-34, 34)",143
"(-8, 34)",141
"(-36, 39)",141
"(-37, 47)",140
"(-25, 37)",140
"(6, -7)",140
"(-33, 32)",140
"(-4, 34)",140
"(0, 15)",137
"(-28, 49)",137
"(2, -4)",137
"(-33, 51)",136
"(-1, 17)",136
"(-39, 42)",136
"(-4, 0)",136
"(-33, 34)",135
"(-41, 47)",135
"(-27, 45)",134
"(-41, 43)",134
"(-23, 45)",134
"(-24, 42)",133
"(-3, 30)",133
"(-44, 52)",133
"(-5, 35)",133
"(1, 7)",133
"(-24, 52)",133
"(-44, 56)",132
"(-32, 41)",132
"(-15, 51)",132
"(-30, 52)",131
"(-19, 42)",131
"(4, 3)",131
"(-11, 45)",131
"(-18, 54)",131
"(-10, 47)",130
"(-30, 41)",130
"(-13, 47)",129
"(-42, 51)",129
"(-30, 51)",129
"(-7, 32)",129
"(-20, 34)",129
"(-20, 15)",129
"(-33, 54)",128
"(-32, 46)",127
"(-36, 40)",127
"(-19, 44)",126
"(-36, 44)",126
"(-31, 25)",126
"(-1, 21)",125
"(-16, 51)",125
"(-13, 26)",125
"(2, -3)",125
"(-27, 38)",124
"(-31, 52)",123
"(-1, 25)",123
"(-41, 45)",123
"(-2, 34)",123
"(-2, -2)",123
"(-37, 41)",122
"(-2, 11)",122
"(-40, 44)",122
"(-29, 49)",121
"(-37, 57)",121
"(-12, 46)",121
"(-25, 19)",120
"(-21, 42)",119
"(-33, 46)",119
"(-37, 32)",119
"(-3, 34)",118
"(-36, 51)",118
"(-19, 13)",117
"(-27, 44)",117
"(-29, 41)",116
"(-24, 44)",116
"(-20, 42)",116
"(-6, 36)",116
"(-5, 29)",116
"(-12, 45)",115
"(-33, 41)",115
"(-25, 38)",114
"(-26, 43)",114
"(-18, 57)",114
"(-35, 32)",114
"(3, 1)",114
"(-3, 28)",114
"(10, 0)",113
"(-41, 54)",113
"(-17, 41)",112
"(2, 9)",112
"(-26, 38)",112
"(-30, 43)",111
"(-17, 28)",111
"(-11, 44)",111
"(-26, 42)",110
"(-17, 40)",110
"(7, -4)",110
"(-26, 44)",110
"(-37, 48)",110
"(-9, 4)",109
"(3, -1)",109
"(-14, 49)",109
"(-16, 52)",108
"(-23, 38)",108
"(5, -5)",108
"(-8, 21)",108
"(10, -4)",108
"(-22, 36)",107
"(-24, 51)",107
"(-35, 37)",107
"(-14, 11)",107
"(-7, 18)",106
"(-40, 52)",106
"(-43, 49)",106
"(-23, 17)",105
"(-31, 43)",105
"(9, -4)",105
"(-41, 42)",105
"(9, -1)",105
"(-35, 36)",105
"(-38, 43)",103
"(-34, 33)",103
"(-36, 54)",102
"(-38, 45)",102
"(4, -3)",101
"(-15, 49)",101
"(-6, 40)",101
"(-15, 44)",100
"(-4, 39)",99
"(-25, 42)",99
"(-7, 4)",99
"(2, 10)",99
"(-8, 5)",98
"(-38, 47)",98
"(-41, 50)",97
"(-28, 43)",97
"(-22, 44)",97
"(-40, 42)",97
"(-44, 57)",97
"(3, -4)",97
"(-8, 43)",97
"(2, 3)",96
"(-36, 35)",96
"(-17, 54)",96
"(4, -2)",96
"(-39, 44)",96
"(-18, 42)",96
"(-16, 28)",96
"(-34, 30)",96
"(-19, 33)",96
"(-18, 31)",95
"(-28, 26)",95
"(-35, 45)",95
"(-33, 43)",95
"(-35, 54)",94
"(-38, 42)",94
"(-41, 46)",94
"(-7, 38)",94
"(-22, 38)",94
"(5, -4)",94
"(-28, 51)",94
"(-16, 58)",94
"(-44, 54)",93
"(-42, 49)",93
"(-40, 41)",93
"(-39, 45)",92
"(-45, 52)",92
"(6, -3)",92
"(10, -7)",91
"(-30, 24)",91
"(-1, 27)",91
"(1, 9)",91
"(-26, 41)",91
"(-4, 35)",91
"(-14, 50)",91
"(10, -2)",91
"(-18, 56)",90
"(0, 20)",90
"(0, -2)",90
"(-38, 40)",90
"(-42, 54)",90
"(-6, 16)",90
"(-7, 37)",89
"(-24, 18)",89
"(-38, 46)",89
"(-27, 46)",88
"(-15, 54)",88
"(-33, 36)",88
"(-36, 56)",87
"(-12, 27)",87
"(-23, 51)",87
"(0, 17)",87
"(-29, 51)",87
"(-15, 50)",87
"(-26, 45)",86
"(-22, 45)",86
"(-21, 45)",86
"(-1, 18)",86
"(-34, 35)",86
"(-19, 45)",85
"(-9, 26)",85
"(-8, 39)",85
"(-14, 45)",85
"(-1, 22)",85
"(-15, 28)",85
"(8, -2)",84
"(-28, 48)",84
"(-12, 47)",84
"(10, -9)",83
"(5, 1)",83
"(8, -5)",83
"(8, -7)",83
"(-11, 6)",83
"(-41, 53)",82
"(5, 2)",82
"(-12, 7)",82
"(-39, 54)",82
"(-35, 52)",82
"(0, 24)",82
"(-9, 44)",82
"(8, -4)",82
"(-36, 38)",82
"(-27, 41)",81
"(5, -1)",81
"(-30, 30)",81
"(0, 25)",81
"(-32, 27)",81
"(-9, 23)",81
"(-25, 17)",81
"(-34, 52)",80
"(-21, 44)",80
"(1, -3)",79
"(-11, 47)",79
"(-39, 40)",79
"(-34, 54)",78
"(-18, 11)",78
"(-28, 50)",78
"(-15, 46)",78
"(5, -2)",78
"(-3, 13)",77
"(-46, 59)",77
"(-40, 47)",77
"(0, -4)",77
"(-28, 52)",76
"(-18, 33)",76
"(-24, 41)",76
"(-1, 24)",75
"(-21, 37)",75
"(-8, 37)",74
"(-21, 15)",74
"(-34, 38)",74
"(-47, 61)",74
"(-24, 54)",73
"(-43, 52)",72
"(-16, 48)",72
"(7, -1)",71
"(-9, 42)",71
"(3, 4)",71
"(-19, 67)",71
"(-22, 47)",70
"(-17, 31)",70
"(-42, 52)",70
"(-44, 53)",70
"(-34, 43)",69
"(7, -7)",69
"(-20, 44)",69
"(-17, 13)",68
"(-41, 39)",68
"(-1, 19)",68
"(-20, 36)",68
"(-26, 51)",67
"(1, 6)",67
"(3, -5)",67
"(-24, 15)",67
"(-16, 54)",67
"(12, -20)",67
"(-4, 37)",67
"(-9, 40)",66
"(-22, 15)",66
"(8, -8)",66
"(-33, 55)",66
"(-3, 37)",66
"(-43, 56)",65
"(-31, 46)",65
"(-40, 54)",65
"(-5, 39)",65
"(-25, 48)",65
"(-29, 28)",65
"(2, 20)",65
"(4, -1)",65
"(-27, 47)",64
"(-30, 48)",64
"(-6, 3)",64
"(-5, 40)",64
"(-14, 51)",64
"(-21, 18)",64
"(-15, 53)",64
"(-35, 56)",64
"(-20, 68)",64
"(-40, 45)",63
"(-36, 32)",63
"(-39, 46)",63
"(-36, 34)",63
"(-12, 8)",63
"(3, 5)",62
"(-35, 41)",62
"(-8, 25)",62
"(-23, 50)",62
"(-13, 7)",62
"(-46, 54)",62
"(3, 3)",62
"(-29, 53)",61
"(-45, 59)",61
"(10, -14)",61
"(-41, 56)",61
"(-8, 4)",61
"(-37, 34)",61
"(-38, 39)",60
"(-24, 14)",60
"(-25, 45)",60
"(-17, 59)",60
"(-42, 46)",59
"(-36, 31)",59
"(-16, 49)",59
"(-39, 38)",59
"(-43, 47)",58
"(-20, 45)",58
"(-40, 55)",57
"(-33, 48)",57
"(-19, 65)",57
"(-19, 64)",57
"(-19, 36)",57
"(-45, 55)",57
"(6, 2)",57
"(-20, 14)",57
"(-5, 3)",57
"(-5, 0)",57
"(-7, 40)",57
"(-1, 28)",57
"(-13, 30)",56
"(-23, 16)",56
"(-19, 69)",56
"(-26, 47)",56
"(-17, 56)",55
"(-27, 43)",55
"(-37, 54)",55
"(-4, 38)",55
"(-35, 30)",54
"(-16, 44)",54
"(11, -4)",54
"(-29, 48)",54
"(-20, 38)",53
"(-34, 50)",53
"(-22, 40)",53
"(-18, 38)",52
"(-36, 48)",52
"(-34, 46)",52
"(-20, 60)",52
"(-35, 46)",52
"(-18, 52)",52
"(10, -5)",52
"(-32, 48)",52
"(-31, 22)",51
"(-1, 29)",51
"(-23, 41)",51
"(-15, 55)",51
"(-3, 40)",51
"(-20, 61)",51
"(-31, 54)",51
"(6, 5)",51
"(-1, -2)",51
"(-24, 56)",51
"(-23, 15)",50
"(-28, 19)",50
"(1, -4)",50
"(-14, 28)",50
"(-42, 45)",50
"(-37, 56)",50
"(9, -3)",50
"(-19, 66)",49
"(-31, 50)",49
"(-10, 26)",49
"(-41, 40)",49
"(3, 6)",49
"(-16, 56)",49
"(-25, 22)",49
"(-39, 39)",49
"(10, -10)",49
"(-19, 12)",49
"(-15, 31)",49
"(-39, 57)",49
"(-21, 61)",48
"(-30, 22)",48
"(-21, 62)",48
"(-17, 57)",48
"(12, -7)",48
"(-27, 49)",48
"(-31, 24)",48
"(-39, 48)",48
"(-29, 46)",47
"(-25, 47)",47
"(-22, 48)",47
"(4, 1)",47
"(1, 22)",47
"(-33, 28)",47
"(-22, 14)",47
"(-22, 62)",47
"(-37, 55)",47
"(-16, 45)",47
"(-18, 44)",47
"(-40, 57)",47
"(2, 8)",46
"(-24, 43)",46
"(-30, 50)",46
"(-16, 10)",46
"(-23, 49)",46
"(-19, 68)",46
"(8, -1)",46
"(-19, 59)",45
"(-36, 43)",45
"(-34, 36)",45
"(-25, 43)",45
"(-23, 43)",45
"(-45, 57)",45
"(-41, 61)",45
"(-13, 28)",45
"(-21, 71)",44
"(-36, 30)",44
"(7, -6)",44
"(-18, 53)",44
"(-19, 60)",44
"(9, 0)",43
"(-19, 58)",43
"(-40, 48)",43
"(-4, 23)",43
"(-26, 23)",42
"(-39, 56)",42
"(-22, 64)",42
"(-33, 50)",42
"(-17, 36)",42
"(0, -5)",42
"(-22, 63)",42
"(-32, 56)",42
"(-30, 21)",42
"(10, -12)",41
"(-32, 25)",41
"(-28, 46)",41
"(-19, 63)",41
"(-35, 57)",41
"(-16, 50)",41
"(-20, 66)",41
"(-35, 38)",41
"(-26, 17)",41
"(-21, 46)",41
"(-17, 52)",41
"(-22, 61)",40
"(-25, 44)",40
"(-26, 49)",40
"(-29, 52)",40
"(-20, 65)",40
"(-14, 7)",40
"(-17, 44)",40
"(-43, 57)",40
"(-31, 23)",40
"(-24, 53)",39
"(9, -7)",39
"(2, 19)",39
"(-17, 43)",39
"(-45, 54)",39
"(-20, 62)",39
"(-22, 60)",39
"(-46, 61)",38
"(-16, 33)",38
"(-27, 51)",38
"(7, -9)",38
"(4, 5)",38
"(4, 4)",38
"(-32, 53)",38
"(-37, 35)",38
"(-20, 67)",38
"(-17, 38)",38
"(-6, 1)",38
"(-20, 63)",38
"(-20, 69)",38
"(-30, 54)",37
"(-46, 58)",37
"(-21, 63)",37
"(-13, 8)",37
"(-22, 49)",37
"(-15, 33)",37
"(-38, 44)",37
"(-16, 11)",37
"(-19, 54)",37
"(-19, 47)",37
"(-28, 54)",37
"(12, -12)",37
"(-39, 47)",37
"(-15, 56)",36
"(-14, 31)",36
"(10, -15)",36
"(-15, 9)",36
"(-33, 30)",36
"(-19, 62)",36
"(-27, 48)",36
"(-38, 53)",35
"(1, 13)",35
"(-20, 70)",35
"(-28, 62)",35
"(-11, 5)",35
"(11, -17)",35
"(-23, 14)",35
"(-21, 60)",35
"(9, -9)",35
"(-34, 56)",35
"(11, -18)",34
"(-12, 6)",34
"(-19, 57)",34
"(-41, 57)",34
"(-39, 59)",34
"(-21, 41)",34
"(-19, 61)",34
"(-18, 13)",34
"(-2, 35)",33
"(5, 4)",33
"(6, -9)",33
"(-12, 49)",33
"(-26, 16)",33
"(-38, 54)",33
"(3, 7)",33
"(-21, 47)",33
"(-38, 57)",33
"(-4, 1)",33
"(9, -2)",33
"(-36, 41)",32
"(-22, 51)",32
"(-40, 40)",32
"(5, -6)",32
"(-24, 55)",32
"(-21, 64)",32
"(-33, 53)",32
"(1, 21)",32
"(-20, 41)",32
"(10, -16)",32
"(-35, 48)",32
"(9, -5)",31
"(-40, 59)",31
"(-19, 52)",31
"(12, -19)",31
"(-20, 58)",31
"(-19, 71)",31
"(-18, 62)",31
"(-25, 56)",31
"(-25, 49)",31
"(-16, 36)",31
"(-21, 68)",30
"(-29, 50)",30
"(0, -3)",30
"(-23, 54)",30
"(3, 10)",30
"(0, 29)",30
"(-21, 16)",30
"(-13, 49)",30
"(-10, 4)",30
"(-46, 57)",30
"(-18, 58)",30
"(-21, 69)",30
"(-6, 0)",29
"(9, -14)",29
"(-22, 66)",29
"(6, -10)",29
"(-20, 64)",29
"(-25, 46)",29
"(-20, 59)",29
"(-46, 62)",29
"(-17, 53)",29
"(-17, 50)",29
"(-44, 51)",29
"(-22, 13)",29
"(-32, 57)",29
"(11, 0)",28
"(-34, 57)",28
"(-18, 59)",28
"(-25, 52)",28
"(-27, 52)",28
"(-21, 70)",28
"(-37, 46)",28
"(-17, 49)",28
"(10, -3)",28
"(-22, 65)",28
"(-24, 57)",28
"(6, 4)",28
"(11, -9)",28
"(-31, 53)",28
"(-18, 51)",28
"(-37, 59)",28
"(-40, 37)",28
"(-21, 43)",27
"(11, -2)",27
"(-21, 12)",27
"(-42, 56)",27
"(-32, 59)",27
"(-19, 72)",27
"(7, 2)",27
"(-21, 55)",27
"(-19, 56)",27
"(-19, 49)",27
"(-37, 43)",27
"(-22, 43)",27
"(0, 23)",27
"(5, 5)",27
"(-29, 20)",27
"(-26, 59)",27
"(-16, 47)",27
"(13, -10)",26
"(8, -3)",26
"(-23, 67)",26
"(-19, 73)",26
"(12, -17)",26
"(-23, 65)",26
"(-22, 56)",26
"(-30, 53)",26
"(8, -14)",26
"(-38, 36)",26
"(-38, 56)",26
"(10, -6)",26
"(2, 22)",26
"(-28, 17)",26
"(-18, 64)",26
"(-4, 16)",26
"(-27, 62)",25
"(-46, 52)",25
"(-2, -1)",25
"(2, 14)",25
"(-23, 62)",25
"(-22, 59)",25
"(-21, 52)",25
"(2, 15)",25
"(-19, 70)",25
"(-22, 18)",25
"(-29, 54)",25
"(-25, 59)",25
"(-20, 52)",25
"(-19, 55)",25
"(12, -4)",25
"(-37, 58)",24
"(-17, 55)",24
"(-26, 48)",24
"(-20, 71)",24
"(-29, 19)",24
"(-21, 65)",24
"(-23, 52)",24
"(7, -12)",24
"(-46, 56)",24
"(-37, 30)",24
"(-23, 46)",24
"(-37, 62)",24
"(1, 20)",24
"(-38, 37)",24
"(-22, 52)",24
"(7, -3)",24
"(-27, 54)",24
"(9, -10)",24
"(-17, 58)",24
"(-19, 74)",24
"(11, -1)",23
"(-40, 39)",23
"(2, 6)",23
"(-42, 47)",23
"(-20, 49)",23
"(-20, 12)",23
"(-23, 12)",23
"(12, -10)",23
"(-26, 46)",23
"(3, 9)",23
"(-13, 40)",23
"(-25, 50)",23
"(12, -3)",23
"(-22, 69)",22
"(11, -10)",22
"(-1, 32)",22
"(-41, 60)",22
"(-23, 64)",22
"(-8, 3)",22
"(1, 12)",22
"(-21, 53)",22
"(-33, 57)",22
"(-20, 47)",22
"(14, -19)",22
"(8, -12)",22
"(1, 10)",22
"(-24, 48)",22
"(-38, 48)",22
"(-37, 64)",22
"(-28, 23)",22
"(2, 12)",22
"(-28, 57)",22
"(-31, 55)",22
"(-35, 29)",22
"(-44, 50)",22
"(-36, 50)",22
"(-21, 66)",22
"(11, -5)",22
"(8, -9)",22
"(-42, 61)",22
"(-44, 59)",22
"(-18, 65)",21
"(-20, 56)",21
"(-34, 29)",21
"(-19, 51)",21
"(-3, -2)",21
"(-36, 57)",21
"(-11, 49)",21
"(-18, 55)",21
"(3, -3)",21
"(-36, 59)",21
"(-18, 60)",21
"(-30, 56)",21
"(-21, 59)",21
"(9, -11)",21
"(7, -13)",21
"(-24, 73)",21
"(8, 2)",21
"(-16, 46)",21
"(-22, 68)",21
"(-23, 70)",21
"(-9, 3)",21
"(-17, 10)",20
"(-38, 60)",20
"(-23, 73)",20
"(13, -4)",20
"(-32, 31)",20
"(-12, 37)",20
"(-36, 29)",20
"(-18, 68)",20
"(-22, 72)",20
"(-18, 63)",20
"(-21, 56)",20
"(12, -2)",20
"(-26, 61)",20
"(-21, 51)",20
"(7, -14)",20
"(6, 3)",20
"(7, 4)",19
"(11, -7)",19
"(-34, 55)",19
"(-38, 50)",19
"(6, 1)",19
"(-26, 18)",19
"(-25, 57)",19
"(-33, 33)",19
"(11, -15)",19
"(0, 16)",19
"(-41, 35)",19
"(-1, -1)",19
"(-7, 2)",19
"(8, -10)",19
"(-14, 8)",19
"(0, 27)",19
"(-22, 46)",19
"(9, -12)",19
"(-40, 58)",19
"(-10, 0)",18
"(-25, 54)",18
"(-23, 68)",18
"(-34, 58)",18
"(-21, 67)",18
"(-17, 42)",18
"(11, -3)",18
"(-28, 53)",18
"(-27, 18)",18
"(-15, 8)",18
"(-18, 61)",18
"(-26, 53)",18
"(-17, 47)",18
"(-17, 60)",17
"(-26, 15)",17
"(-21, 73)",17
"(-26, 57)",17
"(-14, 52)",17
"(1, 11)",17
"(-30, 55)",17
"(-32, 24)",17
"(-20, 57)",17
"(-27, 50)",17
"(-24, 71)",17
"(-22, 71)",17
"(0, 26)",17
"(-25, 61)",17
"(-19, 75)",17
"(-20, 43)",17
"(-27, 56)",17
"(1, 14)",17
"(-23, 69)",17
"(-20, 54)",17
"(-16, 9)",17
"(11, -8)",17
"(-5, 1)",16
"(4, 7)",16
"(-45, 51)",16
"(5, -8)",16
"(-16, 59)",16
"(13, -20)",16
"(-9, 2)",16
"(-14, 5)",16
"(-13, 33)",16
"(-13, 52)",16
"(-10, 3)",16
"(9, -15)",16
"(14, -8)",16
"(-31, 56)",16
"(-22, 74)",16
"(-22, 54)",16
"(-32, 26)",16
"(-39, 61)",16
"(-22, 70)",16
"(11, -11)",16
"(4, -7)",16
"(-22, 57)",16
"(8, -15)",16
"(-11, 4)",16
"(-12, 5)",16
"(-26, 52)",16
"(13, -7)",16
"(-46, 60)",16
"(14, -7)",15
"(-26, 56)",15
"(-27, 23)",15
"(-28, 55)",15
"(-3, 36)",15
"(-19, 10)",15
"(-20, 72)",15
"(-36, 55)",15
"(-22, 67)",15
"(-21, 72)",15
"(-43, 40)",15
"(-46, 50)",15
"(12, -9)",15
"(-23, 61)",15
"(3, 12)",15
"(-23, 59)",15
"(-23, 60)",15
"(-18, 66)",15
"(-21, 49)",15
"(-24, 72)",15
"(1, 15)",15
"(-29, 57)",15
"(-41, 59)",15
"(5, -16)",15
"(13, -5)",14
"(-23, 63)",14
"(-35, 53)",14
"(-1, 30)",14
"(-37, 61)",14
"(-42, 57)",14
"(-33, 56)",14
"(-20, 73)",14
"(-23, 74)",14
"(-23, 66)",14
"(11, -19)",14
"(-34, 53)",14
"(-16, 53)",14
"(-17, 65)",14
"(12, -6)",14
"(-39, 50)",14
"(-15, 7)",14
"(-23, 48)",14
"(-26, 50)",14
"(4, -13)",14
"(-21, 58)",14
"(-29, 56)",14
"(-23, 56)",14
"(4, -4)",13
"(-27, 61)",13
"(-11, 50)",13
"(-17, 62)",13
"(-47, 59)",13
"(-41, 62)",13
"(-19, 43)",13
"(-39, 35)",13
"(-12, 52)",13
"(-16, 7)",13
"(-21, 54)",13
"(-40, 56)",13
"(-23, 72)",13
"(-19, 76)",13
"(10, -19)",13
"(-11, 28)",13
"(4, -14)",13
"(-46, 49)",13
"(7, 1)",13
"(-35, 55)",13
"(-38, 52)",13
"(2, 11)",13
"(13, -6)",13
"(-24, 12)",12
"(-20, 46)",12
"(-35, 35)",12
"(14, -9)",12
"(7, -10)",12
"(-6, 42)",12
"(-38, 61)",12
"(10, 2)",12
"(5, -3)",12
"(-38, 59)",12
"(-8, 26)",12
"(10, -17)",12
"(-24, 63)",12
"(-23, 76)",12
"(-22, 55)",12
"(-23, 71)",12
"(-39, 37)",12
"(-13, 6)",12
"(-5, 18)",12
"(-41, 37)",12
"(-16, 57)",12
"(-18, 10)",12
"(-23, 57)",12
"(0, 18)",12
"(13, -9)",12
"(-17, 61)",12
"(-15, 57)",12
"(-27, 53)",12
"(10, -1)",11
"(-16, 39)",11
"(1, -5)",11
"(-15, 5)",11
"(13, -19)",11
"(8, -6)",11
"(14, -4)",11
"(-26, 54)",11
"(-29, 55)",11
"(-13, 4)",11
"(-32, 69)",11
"(-27, 15)",11
"(-20, 76)",11
"(4, -15)",11
"(-23, 58)",11
"(2, 17)",11
"(-27, 57)",11
"(-21, 48)",11
"(-22, 12)",11
"(-33, 61)",11
"(-17, 11)",11
"(-31, 67)",11
"(13, -2)",11
"(-37, 65)",11
"(-38, 35)",10
"(-18, 41)",10
"(-8, 2)",10
"(3, -11)",10
"(-30, 63)",10
"(-7, 1)",10
"(-24, 75)",10
"(-30, 19)",10
"(-40, 32)",10
"(-32, 22)",10
"(9, -6)",10
"(-10, 2)",10
"(-15, 48)",10
"(-26, 21)",10
"(11, -12)",10
"(-28, 56)",10
"(14, -14)",10
"(-22, 76)",10
"(-11, 2)",10
"(-23, 75)",10
"(-46, 51)",10
"(-30, 66)",10
"(-33, 67)",10
"(1, 27)",10
"(-24, 64)",10
"(-20, 74)",10
"(2, 25)",10
"(-44, 49)",10
"(-5, 26)",10
"(-21, 74)",10
"(-26, 55)",10
"(-17, 45)",10
"(-40, 35)",10
"(1, 19)",10
"(-20, 75)",10
"(-27, 55)",10
"(14, -5)",10
"(-18, 67)",10
"(12, -5)",10
"(-44, 46)",10
"(-25, 51)",10
"(-16, 55)",10
"(-12, 33)",10
"(-24, 59)",10
"(-20, 78)",10
"(-27, 17)",10
"(-36, 53)",10
"(-47, 56)",10
"(-19, 53)",10
"(-20, 55)",9
"(-39, 55)",9
"(-22, 58)",9
"(1, 30)",9
"(-17, 63)",9
"(-31, 28)",9
"(2, 18)",9
"(-35, 59)",9
"(-6, 43)",9
"(-16, 61)",9
"(-9, 28)",9
"(-40, 61)",9
"(-31, 20)",9
"(2, 24)",9
"(-21, 75)",9
"(-21, 57)",9
"(4, 9)",9
"(-47, 53)",9
"(-18, 69)",9
"(-34, 61)",9
"(-21, 11)",9
"(-19, 48)",9
"(-18, 43)",9
"(-8, 0)",9
"(-25, 15)",9
"(-45, 49)",9
"(12, -21)",9
"(-20, 77)",9
"(-12, 4)",9
"(-28, 59)",9
"(3, -12)",9
"(9, -17)",9
"(-39, 31)",9
"(-35, 61)",8
"(-19, 46)",8
"(-18, 73)",8
"(-23, 18)",8
"(-4, 18)",8
"(13, -12)",8
"(-40, 53)",8
"(-20, 48)",8
"(11, -6)",8
"(14, -12)",8
"(-18, 71)",8
"(-42, 38)",8
"(16, -5)",8
"(14, 0)",8
"(-24, 62)",8
"(-16, 60)",8
"(12, 0)",8
"(-47, 54)",8
"(-22, 16)",8
"(-32, 61)",8
"(14, -6)",8
"(-17, 9)",8
"(-18, 45)",8
"(-24, 50)",8
"(5, 7)",8
"(-23, 77)",8
"(-20, 51)",8
"(-12, 31)",8
"(-12, 3)",8
"(13, -22)",8
"(7, -16)",8
"(-1, -4)",8
"(-24, 74)",8
"(8, -17)",8
"(-32, 55)",8
"(-18, 72)",7
"(-42, 59)",7
"(-6, -2)",7
"(-44, 47)",7
"(-33, 27)",7
"(15, -7)",7
"(-31, 57)",7
"(-28, 21)",7
"(-25, 62)",7
"(-24, 69)",7
"(-15, 41)",7
"(15, -2)",7
"(-43, 61)",7
"(0, 30)",7
"(10, 3)",7
"(-23, 13)",7
"(-29, 61)",7
"(-5, -4)",7
"(-18, 9)",7
"(-38, 41)",7
"(-31, 66)",7
"(12, -1)",7
"(-2, -4)",7
"(3, -7)",7
"(-17, 48)",7
"(2, -7)",7
"(-36, 58)",7
"(14, -3)",7
"(-6, -4)",7
"(-33, 58)",7
"(-9, 1)",7
"(-39, 32)",7
"(-28, 58)",7
"(13, -1)",7
"(-27, 14)",7
"(-15, 59)",7
"(3, 14)",7
"(-34, 59)",7
"(-22, 73)",7
"(-13, 51)",7
"(1, 25)",7
"(-28, 60)",7
"(12, -14)",7
"(-22, 53)",7
"(0, 13)",7
"(-8, 1)",7
"(-15, 38)",7
"(11, -20)",7
"(-5, 21)",7
"(-14, 54)",7
"(-4, -2)",7
"(5, -17)",7
"(-23, 55)",7
"(12, -22)",7
"(-22, 50)",6
"(-14, 46)",6
"(-14, 41)",6
"(-24, 68)",6
"(-17, 64)",6
"(-22, 10)",6
"(-3, 25)",6
"(-3, 18)",6
"(17, -5)",6
"(14, -1)",6
"(-18, 49)",6
"(-13, 38)",6
"(15, -9)",6
"(-19, 77)",6
"(-7, 0)",6
"(-24, 76)",6
"(8, 5)",6
"(-23, 53)",6
"(3, 13)",6
"(-26, 62)",6
"(-13, 5)",6
"(-34, 27)",6
"(-16, 6)",6
"(-17, 8)",6
"(-35, 58)",6
"(2, -9)",6
"(4, -6)",6
"(1, -6)",6
"(15, -5)",6
"(-34, 60)",6
"(-2, -7)",6
"(-45, 47)",6
"(-40, 34)",6
"(-33, 59)",6
"(-36, 36)",6
"(-16, 62)",6
"(-43, 50)",6
"(-43, 59)",6
"(-1, 13)",6
"(15, -4)",6
"(9, 2)",6
"(-17, 72)",6
"(-29, 67)",6
"(10, -20)",6
"(-27, 63)",6
"(-10, 33)",6
"(-16, 65)",6
"(10, 4)",6
"(-32, 62)",6
"(-25, 53)",6
"(3, -10)",6
"(-11, 34)",6
"(6, -11)",6
"(-31, 58)",5
"(-9, -2)",5
"(-10, -2)",5
"(14, -10)",5
"(16, -9)",5
"(-21, 50)",5
"(14, -2)",5
"(-17, 66)",5
"(-32, 58)",5
"(8, 4)",5
"(-44, 61)",5
"(2, -6)",5
"(-34, 66)",5
"(-35, 60)",5
"(-38, 32)",5
"(8, -11)",5
"(-16, 67)",5
"(-10, 49)",5
"(-25, 55)",5
"(5, 3)",5
"(-15, 6)",5
"(-15, 4)",5
"(-37, 60)",5
"(-37, 53)",5
"(-32, 68)",5
"(11, -14)",5
"(-42, 44)",5
"(-19, 79)",5
"(-17, 69)",5
"(15, -6)",5
"(-31, 62)",5
"(9, 4)",5
"(11, -22)",5
"(15, -8)",5
"(19, -7)",5
"(4, 10)",5
"(-24, 65)",5
"(15, -10)",5
"(9, -18)",5
"(-29, 62)",5
"(-20, 10)",5
"(-24, 58)",5
"(-20, 53)",5
"(5, 8)",5
"(-36, 61)",5
"(6, -12)",5
"(-40, 50)",5
"(-47, 57)",5
"(-31, 59)",5
"(-38, 34)",5
"(-17, 7)",5
"(13, -23)",5
"(6, -14)",5
"(-21, 13)",5
"(-35, 67)",5
"(6, -17)",5
"(-19, 8)",5
"(15, 0)",4
"(-18, 48)",4
"(-19, 9)",4
"(-34, 32)",4
"(16, -7)",4
"(10, 5)",4
"(-3, -4)",4
"(13, -3)",4
"(-33, 62)",4
"(13, -17)",4
"(-20, 80)",4
"(3, -6)",4
"(-19, 80)",4
"(-32, 66)",4
"(-16, 8)",4
"(-18, 70)",4
"(-34, 62)",4
"(-40, 62)",4
"(5, -7)",4
"(-24, 61)",4
"(14, -16)",4
"(18, -5)",4
"(6, -16)",4
"(-1, 16)",4
"(-6, 23)",4
"(-44, 62)",4
"(-17, 68)",4
"(6, 6)",4
"(-18, 47)",4
"(20, -7)",4
"(-16, 68)",4
"(-46, 64)",4
"(-11, 31)",4
"(-38, 58)",4
"(12, -8)",4
"(-39, 34)",4
"(-32, 60)",4
"(18, -6)",4
"(-16, 43)",4
"(-19, 50)",4
"(5, -14)",4
"(-27, 59)",4
"(-29, 18)",4
"(-22, 75)",4
"(19, -15)",4
"(-25, 13)",4
"(-36, 64)",4
"(-14, 36)",4
"(-45, 61)",4
"(18, -14)",4
"(6, 7)",4
"(-20, 13)",4
"(-42, 42)",4
"(-2, -5)",4
"(-29, 21)",4
"(-5, -2)",4
"(-23, 10)",4
"(1, 8)",4
"(-36, 60)",4
"(8, 1)",4
"(12, -24)",4
"(10, 1)",4
"(-3, -1)",4
"(-38, 62)",4
"(-30, 64)",4
"(-8, 28)",4
"(13, -8)",4
"(-24, 66)",4
"(-45, 63)",4
"(-15, 58)",4
"(15, -22)",4
"(9, 1)",4
"(-6, 44)",4
"(-14, 4)",4
"(-29, 23)",4
"(-21, 76)",4
"(-17, 67)",4
"(-36, 62)",4
"(6, -20)",4
"(5, -10)",4
"(7, -15)",3
"(-16, 66)",3
"(-19, 11)",3
"(-29, 59)",3
"(7, -18)",3
"(-36, 63)",3
"(2, -8)",3
"(-43, 44)",3
"(17, -7)",3
"(8, -19)",3
"(-20, 9)",3
"(-29, 16)",3
"(-43, 62)",3
"(-18, 46)",3
"(-22, 77)",3
"(-12, 1)",3
"(-10, 1)",3
"(-8, 45)",3
"(-16, 5)",3
"(17, 0)",3
"(11, 2)",3
"(-48, 61)",3
"(-28, 63)",3
"(3, 17)",3
"(21, -6)",3
"(5, -12)",3
"(5, -15)",3
"(19, -9)",3
"(7, -17)",3
"(-24, 70)",3
"(-7, -2)",3
"(-40, 46)",3
"(-17, 71)",3
"(22, -9)",3
"(6, -15)",3
"(-19, 78)",3
"(-6, -5)",3
"(-35, 33)",3
"(-11, 3)",3
"(15, -19)",3
"(-20, 11)",3
"(5, -18)",3
"(12, -15)",3
"(-10, -4)",3
"(7, -19)",3
"(19, -10)",3
"(-9, 0)",3
"(0, -7)",3
"(-8, 40)",3
"(21, -7)",3
"(-29, 60)",3
"(-20, 50)",3
"(15, -3)",3
"(-29, 65)",3
"(-25, 75)",3
"(20, -5)",3
"(20, -12)",3
"(-26, 60)",3
"(16, -3)",3
"(4, -8)",3
"(16, -12)",3
"(-8, 41)",3
"(-16, 63)",3
"(6, -18)",3
"(18, 0)",3
"(-28, 64)",3
"(-35, 63)",3
"(17, -3)",3
"(-43, 58)",3
"(-4, -5)",3
"(-23, 9)",3
"(-42, 37)",3
"(-19, 7)",3
"(-14, 43)",3
"(19, -8)",3
"(16, -11)",3
"(-8, -2)",3
"(-32, 64)",3
"(0, -6)",3
"(-35, 62)",3
"(-11, 0)",3
"(17, -4)",3
"(-21, 77)",3
"(-13, 36)",3
"(-11, 52)",3
"(7, 5)",3
"(-30, 62)",3
"(-25, 14)",3
"(-32, 20)",3
"(4, -9)",3
"(-24, 67)",3
"(-45, 62)",3
"(-28, 61)",3
"(-2, 18)",3
"(-33, 24)",3
"(-43, 45)",3
"(-17, 4)",2
"(-21, 79)",2
"(23, -8)",2
"(-46, 47)",2
"(-42, 53)",2
"(29, -17)",2
"(-31, 69)",2
"(18, -4)",2
"(-2, 26)",2
"(15, 2)",2
"(-39, 29)",2
"(-28, 67)",2
"(-21, 80)",2
"(20, -8)",2
"(19, -12)",2
"(7, 7)",2
"(16, -6)",2
"(-33, 65)",2
"(-29, 58)",2
"(28, -6)",2
"(28, -15)",2
"(37, -25)",2
"(18, -3)",2
"(-32, 67)",2
"(-18, 8)",2
"(-14, 6)",2
"(-38, 38)",2
"(16, 2)",2
"(17, -8)",2
"(-27, 60)",2
"(-3, -6)",2
"(-26, 12)",2
"(19, -11)",2
"(13, -11)",2
"(-13, 41)",2
"(23, -6)",2
"(-7, 26)",2
"(-24, 77)",2
"(-1, -6)",2
"(-11, 38)",2
"(16, -8)",2
"(-31, 26)",2
"(-2, -3)",2
"(-31, 19)",2
"(-39, 43)",2
"(-39, 53)",2
"(-34, 64)",2
"(-39, 62)",2
"(-31, 63)",2
"(-25, 65)",2
"(-30, 17)",2
"(-9, 33)",2
"(-17, 70)",2
"(-30, 58)",2
"(16, -4)",2
"(20, -11)",2
"(-37, 38)",2
"(19, -5)",2
"(-16, 0)",2
"(11, 4)",2
"(37, -27)",2
"(21, -10)",2
"(-38, 64)",2
"(13, -24)",2
"(-30, 23)",2
"(20, -4)",2
"(6, -8)",2
"(-18, 76)",2
"(-30, 59)",2
"(-10, -3)",2
"(25, -5)",2
"(-27, 64)",2
"(-33, 66)",2
"(-29, 63)",2
"(-19, 83)",2
"(18, -10)",2
"(27, -5)",2
"(10, -13)",2
"(-29, 64)",2
"(6, 10)",2
"(-15, 60)",2
"(-39, 60)",2
"(-31, 61)",2
"(-22, 78)",2
"(-18, 50)",2
"(-7, -3)",2
"(-4, -3)",2
"(16, 0)",2
"(19, -13)",2
"(-32, 19)",2
"(13, -15)",2
"(-41, 34)",2
"(11, 1)",2
"(24, -14)",2
"(18, -7)",2
"(21, -3)",2
"(12, 3)",2
"(-39, 58)",2
"(14, -18)",2
"(-30, 26)",2
"(-24, 11)",2
"(-31, 60)",2
"(6, -6)",2
"(4, -12)",2
"(-13, -2)",2
"(-18, 75)",2
"(-7, -4)",2
"(-2, 37)",2
"(-35, 27)",2
"(-30, 57)",2
"(14, -24)",2
"(-15, 67)",2
"(-3, -5)",2
"(-19, 5)",2
"(11, -13)",2
"(-33, 63)",2
"(-15, 3)",2
"(1, 17)",2
"(-23, 78)",2
"(15, -15)",2
"(3, 20)",2
"(28, -20)",2
"(14, -22)",2
"(-22, 83)",2
"(17, -6)",1
"(-47, 49)",1
"(-22, 7)",1
"(29, -25)",1
"(-16, 75)",1
"(-30, 18)",1
"(-29, 17)",1
"(-26, 14)",1
"(36, -24)",1
"(5, 9)",1
"(-14, 55)",1
"(-25, 16)",1
"(-35, 26)",1
"(-13, 53)",1
"(-7, -5)",1
"(25, -9)",1
"(4, 14)",1
"(-42, 50)",1
"(-17, 46)",1
"(-34, 18)",1
"(-24, 13)",1
"(22, -19)",1
"(19, -6)",1
"(22, -14)",1
"(23, -19)",1
"(-34, 21)",1
"(16, -18)",1
"(17, -13)",1
"(-14, -1)",1
"(-4, 40)",1
"(38, -25)",1
"(-16, 4)",1
"(17, 1)",1
"(-24, 60)",1
"(24, -12)",1
"(-33, 21)",1
"(27, -18)",1
"(-17, 75)",1
"(-27, 13)",1
"(-18, 4)",1
"(39, -37)",1
"(-35, 66)",1
"(-30, 15)",1
"(2, 21)",1
"(17, -12)",1
"(43, -35)",1
"(32, -24)",1
"(8, -21)",1
"(23, -16)",1
"(11, -16)",1
"(-1, -5)",1
"(4, -10)",1
"(6, -19)",1
"(42, -35)",1
"(34, -35)",1
"(-30, 60)",1
"(9, -19)",1
"(-9, 43)",1
"(-18, 80)",1
"(-1, 35)",1
"(29, -14)",1
"(-14, 38)",1
"(-24, 80)",1
"(4, 15)",1
"(-37, 36)",1
"(-34, 19)",1
"(45, -45)",1
"(34, -17)",1
"(22, -4)",1
"(-20, 81)",1
"(-22, 11)",1
"(-13, 43)",1
"(-36, 33)",1
"(33, -22)",1
"(-40, 60)",1
"(-17, 74)",1
"(39, -35)",1
"(-33, 29)",1
"(-13, 2)",1
"(27, -26)",1
"(44, -49)",1
"(34, -25)",1
"(-15, 63)",1
"(-25, 74)",1
"(-40, 24)",1
"(-39, 63)",1
"(-36, 28)",1
"(30, -27)",1
"(24, -10)",1
"(9, 6)",1
"(-36, 27)",1
"(8, -18)",1
"(-10, 36)",1
"(20, -14)",1
"(30, -20)",1
"(7, 6)",1
"(-18, 78)",1
"(-30, 61)",1
"(-1, 34)",1
"(-25, 18)",1
"(-35, 24)",1
"(7, -20)",1
"(35, -17)",1
"(-42, 48)",1
"(19, -4)",1
"(-23, -4)",1
"(15, -11)",1
"(0, -8)",1
"(10, -18)",1
"(22, -6)",1
"(-45, 53)",1
"(-32, 23)",1
"(-48, 64)",1
"(28, -5)",1
"(-20, 82)",1
"(21, -9)",1
"(-39, 65)",1
"(28, -14)",1
"(11, 5)",1
"(-24, 10)",1
"(-13, 3)",1
"(-12, 0)",1
"(-21, 9)",1
"(-3, 16)",1
"(15, -14)",1
"(9, -20)",1
"(8, -13)",1
"(32, -36)",1
"(-35, 64)",1
"(27, -2)",1
"(-11, -4)",1
"(-21, 7)",1
"(-15, 62)",1
"(-6, -6)",1
"(2, -10)",1
"(9, 5)",1
"(-3, -7)",1
"(26, -20)",1
"(47, -47)",1
"(-33, 20)",1
"(-26, 13)",1
"(-21, 82)",1
"(14, -13)",1
"(17, -17)",1
"(26, -8)",1
"(-14, 59)",1
"(37, -24)",1
"(29, -2)",1
"(-18, 79)",1
"(-25, 64)",1
"(17, -2)",1
"(-42, 62)",1
"(24, -4)",1
"(16, -13)",1
"(46, -42)",1
"(-23, 80)",1
"(-19, 1)",1
"(-31, 64)",1
"(7, 3)",1
"(22, -5)",1
"(-3, -8)",1
"(30, -35)",1
"(-22, 9)",1
"(-24, 78)",1
"(-13, 0)",1
"(24, -9)",1
"(48, -48)",1
"(-9, 31)",1
"(36, -37)",1
"(-33, 22)",1
"(24, -1)",1
"(2, 30)",1
"(-18, 7)",1
"(27, -8)",1
"(-21, 1)",1
"(6, 12)",1
"(21, -8)",1
"(12, 1)",1
"(-15, 61)",1
"(21, -15)",1
"(32, -21)",1
"(23, -12)",1
"(16, -1)",1
"(-16, 72)",1
"(17, -1)",1
"(-27, 58)",1
"(26, -9)",1
"(-20, 3)",1
"(22, 0)",1
"(3, 15)",1
"(-40, 64)",1
"(25, -15)",1
"(-16, 70)",1
"(1, -7)",1
"(-14, 56)",1
"(8, -20)",1
"(-31, 65)",1
"(42, -47)",1
"(-2, 39)",1
"(-13, 48)",1
"(37, -35)",1
"(29, -10)",1
"(25, -14)",1
"(-35, 22)",1
"(-28, 16)",1
"(-34, 22)",1
"(-7, -1)",1
"(19, -1)",1
"(24, -20)",1
"(22, -8)",1
"(-32, 18)",1
"(20, 0)",1
"(-18, 0)",1
"(12, -11)",1
"(-12, 53)",1
"(-26, 64)",1
"(6, -13)",1
"(24, -15)",1
"(-5, -1)",1
"(20, -13)",1
"(7, -8)",1
"(27, -19)",1
"(-1, -8)",1
"(-5, -9)",1
"(34, -21)",1
"(-11, 36)",1
"(-3, 21)",1
"(-28, 15)",1
"(-38, 65)",1
"(18, -8)",1
"(31, -17)",1
"(-4, -4)",1
"(15, 1)",1
"(-39, 41)",1
"(21, -1)",1
"(18, -13)",1
"(24, -13)",1
"(12, 2)",1
"(39, -31)",1
"(28, -35)",1
"(-11, 1)",1
"(8, -22)",1
"(26, -12)",1
"(-25, 12)",1
"(17, -10)",1
"(-38, 55)",1
"(32, -15)",1
"(-10, 50)",1
"(-40, 65)",1
"(-39, 23)",1
"(13, 1)",1
"(-18, 74)",1
"(-14, 57)",1
"(24, -6)",1
"(19, -22)",1
"(-18, 77)",1
"(16, -2)",1
"(4, 12)",1
"(-42, 60)",1
"(-36, 66)",1
"(36, -29)",1
"(4, 11)",1
"(-34, 23)",1
"(-32, 28)",1
"(-33, 60)",1
"(3, -9)",1
"(-16, 2)",1
"(-30, 16)",1
"(-12, 61)",1
"(14, -11)",1
"(24, -7)",1
"(-17, 73)",1
"(-1, -7)",1
"(35, -32)",1
"(19, -2)",1
"(-32, 63)",1
"(-21, 10)",1
"(28, -19)",1
"(-31, 16)",1
"(27, -6)",1
"(8, -16)",1
"(-15, -2)",1
"(-15, 1)",1
"(5, -11)",1
"(27, -13)",1
"(-6, -1)",1
"(18, 1)",1
"(-25, 76)",1
"(-37, 21)",1
"(5, -9)",1
"(-17, 5)",1
"(-36, 24)",1
"(-43, 55)",1
"(-16, 74)",1
"(3, 8)",1
"(39, -47)",1
"(20, -1)",1
"(-22, 79)",1
"(-14, 63)",1
"(-17, 76)",1
"(-42, 58)",1
"(35, -22)",1
"(10, -8)",1
"(22, -20)",1
"(21, -21)",1
"(16, -10)",1
"(-5, -7)",1
"(22, -13)",1
"(7, -11)",1
"(-25, 60)",1
"(9, -13)",1
"(20, -15)",1
"(-5, -5)",1
"(17, 2)",1
"(7, -21)",1
"(-37, 29)",1
"(28, -9)",1
"(-11, -2)",1
"(-48, 59)",1
"(44, -42)",1
"(-33, 19)",1
"(-33, 25)",1
"(8, 3)",1
"(-14, 2)",1
"(2, 29)",1
"(-2, 21)",1
"(15, -1)",1
"(-44, 60)",1
"(-29, 66)",1
"(24, 0)",1
"(-28, 66)",1
