"(-15, 25)",53668
"(-10, 20)",46560
"(-15, 27)",40065
"(-10, 22)",38215
"(-10, 24)",35218
"(-10, 17)",30756
"(-18, 27)",30632
"(-18, 29)",30628
"(-15, 24)",28048
"(-13, 24)",27720
"(-18, 25)",26847
"(-10, 10)",26575
"(-19, 22)",25794
"(-14, 24)",25413
"(-19, 27)",25388
"(-10, 12)",25128
"(-17, 24)",24680
"(-15, 22)",23584
"(-19, 20)",23173
"(-10, 19)",22374
"(-19, 24)",22066
"(-18, 19)",20583
"(-17, 26)",19663
"(-28, 34)",18837
"(-16, 25)",18588
"(-17, 27)",18460
"(-6, 15)",18397
"(-17, 29)",18245
"(-17, 19)",17504
"(-9, 17)",17500
"(-15, 20)",17260
"(-16, 24)",17251
"(-28, 32)",17230
"(-18, 32)",17129
"(-19, 30)",16357
"(-12, 24)",16336
"(-10, 14)",16146
"(-22, 24)",16080
"(-12, 22)",15967
"(-13, 22)",15652
"(-11, 19)",15598
"(-24, 30)",15509
"(-19, 25)",15391
"(-15, 17)",15312
"(-9, 25)",14877
"(-15, 19)",14869
"(-23, 25)",14834
"(-10, 25)",14441
"(-9, 22)",14423
"(-16, 30)",14153
"(-11, 20)",13936
"(-18, 22)",13676
"(-19, 32)",13057
"(-16, 27)",12896
"(-8, 24)",12709
"(-31, 37)",12365
"(-9, 9)",12314
"(-11, 23)",12247
"(-6, 20)",12225
"(-24, 29)",12197
"(-10, 21)",12108
"(-6, 14)",12081
"(-22, 27)",12037
"(-6, 17)",11903
"(-18, 20)",11845
"(-19, 23)",11840
"(-21, 24)",11579
"(-19, 29)",11561
"(-24, 27)",11554
"(-27, 32)",11431
"(-10, 15)",11213
"(-24, 25)",10992
"(-9, 18)",10990
"(-20, 24)",10864
"(-11, 22)",10797
"(-9, 15)",10749
"(-22, 25)",10638
"(-15, 29)",10611
"(-11, 25)",10457
"(-9, 27)",10290
"(-6, 12)",10288
"(-16, 19)",10279
"(-21, 22)",10249
"(-10, 27)",10234
"(-14, 19)",9988
"(-21, 25)",9895
"(-14, 25)",9804
"(-9, 19)",9707
"(-11, 15)",9622
"(-16, 17)",9511
"(-8, 17)",9395
"(-20, 25)",9338
"(-18, 24)",9257
"(-6, 7)",9249
"(-6, 22)",9201
"(-12, 19)",9003
"(-9, 20)",8964
"(-28, 35)",8947
"(-16, 23)",8878
"(-15, 15)",8818
"(-23, 26)",8791
"(-23, 27)",8740
"(-29, 33)",8716
"(-26, 29)",8674
"(-28, 30)",8659
"(-13, 21)",8564
"(-12, 20)",8536
"(-8, 16)",8288
"(-24, 32)",8273
"(-7, 15)",8248
"(-13, 25)",8232
"(-21, 21)",8225
"(-17, 20)",8139
"(-6, 10)",8092
"(-8, 14)",8002
"(-13, 14)",7903
"(-22, 22)",7876
"(-7, 17)",7862
"(-6, 5)",7824
"(-11, 14)",7822
"(-15, 18)",7817
"(-24, 28)",7809
"(-7, 20)",7789
"(-16, 29)",7775
"(-19, 19)",7701
"(-13, 15)",7637
"(-12, 25)",7574
"(-11, 17)",7536
"(-23, 30)",7382
"(-14, 23)",7363
"(-21, 27)",7157
"(-6, 24)",7139
"(-12, 14)",7110
"(-14, 16)",7042
"(-17, 22)",7001
"(0, 0)",6969
"(-9, 24)",6894
"(-14, 15)",6855
"(-10, 29)",6841
"(-6, 9)",6835
"(-7, 19)",6833
"(-25, 27)",6769
"(-17, 17)",6764
"(-6, 19)",6753
"(-16, 20)",6736
"(-32, 40)",6725
"(-20, 26)",6664
"(-17, 32)",6567
"(-28, 31)",6513
"(-31, 39)",6501
"(-7, 14)",6491
"(-13, 17)",6481
"(-2, 7)",6381
"(-25, 29)",6342
"(-29, 35)",6222
"(-11, 12)",6214
"(-23, 29)",6211
"(-14, 22)",6209
"(-32, 39)",6194
"(-20, 22)",6190
"(-23, 24)",6177
"(-10, 30)",6141
"(-14, 26)",6131
"(-12, 18)",6119
"(-14, 17)",6060
"(-30, 35)",6043
"(-17, 30)",6024
"(-12, 26)",5998
"(-12, 15)",5997
"(-31, 34)",5936
"(-20, 20)",5902
"(-18, 30)",5891
"(-32, 37)",5884
"(-7, 23)",5882
"(-13, 27)",5881
"(-26, 32)",5872
"(-7, 9)",5818
"(-26, 30)",5808
"(-7, 24)",5783
"(-13, 20)",5771
"(-8, 10)",5757
"(-21, 23)",5650
"(-10, 9)",5624
"(-31, 35)",5616
"(-16, 21)",5540
"(-8, 22)",5517
"(-8, 19)",5503
"(-26, 34)",5431
"(-27, 29)",5409
"(-15, 35)",5377
"(-13, 19)",5325
"(-19, 21)",5316
"(0, 2)",5270
"(-8, 20)",5264
"(-30, 36)",5259
"(-27, 30)",5216
"(-20, 27)",5192
"(-20, 23)",5160
"(-12, 17)",5156
"(-14, 20)",5100
"(-27, 35)",5095
"(-7, 7)",5005
"(-22, 29)",4999
"(-25, 31)",4993
"(-9, 29)",4981
"(-7, 25)",4927
"(-27, 34)",4922
"(-2, 9)",4842
"(0, 1)",4819
"(-20, 21)",4801
"(-20, 19)",4799
"(-12, 11)",4785
"(-25, 33)",4781
"(-32, 36)",4768
"(-11, 26)",4755
"(-6, 25)",4755
"(-24, 35)",4716
"(-30, 34)",4672
"(-2, 5)",4670
"(-22, 23)",4641
"(-15, 37)",4613
"(-5, 15)",4577
"(-21, 28)",4576
"(-24, 26)",4549
"(-2, 2)",4478
"(-2, 0)",4472
"(-12, 28)",4460
"(-8, 27)",4459
"(-19, 31)",4435
"(-26, 27)",4432
"(-7, 10)",4413
"(2, 0)",4397
"(-2, 15)",4382
"(-5, 9)",4369
"(-7, 13)",4342
"(-12, 12)",4330
"(-37, 42)",4313
"(-7, 21)",4274
"(-1, 4)",4256
"(-15, 32)",4237
"(-13, 29)",4159
"(-11, 27)",4150
"(1, 0)",4110
"(-10, 28)",4109
"(-6, 4)",4090
"(-14, 27)",4063
"(-7, 27)",4018
"(-5, 14)",3949
"(-11, 16)",3904
"(-24, 24)",3893
"(-9, 14)",3860
"(-24, 34)",3791
"(-2, 12)",3784
"(-27, 27)",3695
"(-2, 4)",3651
"(-22, 34)",3650
"(-3, 9)",3622
"(-22, 30)",3578
"(-23, 34)",3578
"(-15, 21)",3484
"(-18, 18)",3479
"(-28, 37)",3477
"(-17, 18)",3470
"(-4, 10)",3465
"(-6, 27)",3430
"(-28, 40)",3416
"(-6, 18)",3413
"(-27, 28)",3400
"(-15, 30)",3371
"(-5, 10)",3351
"(-17, 16)",3341
"(-32, 42)",3340
"(-21, 29)",3335
"(-29, 37)",3311
"(-32, 35)",3294
"(-29, 36)",3285
"(-9, 11)",3273
"(-23, 23)",3269
"(-6, 11)",3248
"(-21, 32)",3243
"(-5, 12)",3234
"(-26, 26)",3187
"(0, 4)",3165
"(-5, 5)",3157
"(-4, 14)",3147
"(-9, 12)",3140
"(-7, 12)",3119
"(-8, 9)",3104
"(-15, 34)",3102
"(-20, 32)",3101
"(-14, 14)",3049
"(-4, 12)",3040
"(-1, 0)",2999
"(-22, 26)",2965
"(-1, 7)",2961
"(-24, 37)",2946
"(-4, 7)",2944
"(-3, 7)",2931
"(-7, 11)",2913
"(-8, 15)",2913
"(-2, 10)",2898
"(-28, 29)",2874
"(-10, 16)",2847
"(-18, 21)",2843
"(-19, 34)",2842
"(-4, 9)",2825
"(-28, 27)",2739
"(-7, 5)",2724
"(-2, 6)",2719
"(-4, 5)",2714
"(-15, 39)",2711
"(-22, 32)",2700
"(-16, 22)",2699
"(-1, 5)",2698
"(-1, 3)",2691
"(0, 5)",2673
"(-25, 25)",2672
"(-3, 10)",2652
"(-33, 38)",2642
"(-5, 7)",2642
"(-5, 2)",2640
"(-25, 28)",2629
"(-30, 32)",2626
"(-14, 32)",2624
"(-14, 30)",2614
"(-21, 19)",2593
"(-22, 20)",2575
"(-5, 16)",2574
"(-36, 42)",2556
"(-11, 29)",2537
"(-33, 39)",2529
"(-6, 8)",2505
"(-8, 29)",2503
"(-8, 8)",2493
"(-3, 12)",2478
"(-19, 17)",2475
"(-21, 34)",2474
"(-5, 20)",2470
"(-16, 18)",2458
"(-5, 6)",2454
"(-4, 3)",2449
"(-21, 30)",2439
"(-4, 15)",2434
"(-29, 39)",2427
"(-14, 29)",2421
"(-20, 30)",2418
"(-25, 26)",2414
"(-15, 16)",2406
"(-23, 32)",2394
"(-10, 7)",2382
"(-27, 37)",2378
"(-2, 8)",2359
"(-33, 40)",2350
"(-22, 31)",2340
"(-5, 4)",2314
"(-4, 4)",2280
"(-28, 39)",2263
"(-32, 34)",2260
"(-4, 2)",2259
"(-3, 14)",2240
"(-14, 37)",2233
"(-6, 28)",2169
"(-21, 26)",2132
"(-4, 13)",2124
"(-23, 33)",2098
"(-8, 12)",2096
"(-8, 6)",2092
"(-6, 2)",2071
"(-11, 10)",2067
"(-3, 5)",2060
"(-16, 32)",2054
"(-2, 17)",2052
"(-10, 37)",2043
"(-4, 17)",1983
"(-15, 36)",1982
"(-5, 17)",1981
"(-25, 34)",1957
"(-3, 2)",1909
"(-35, 40)",1894
"(-25, 24)",1893
"(-12, 36)",1883
"(-16, 15)",1883
"(-3, 15)",1879
"(-29, 32)",1866
"(-15, 14)",1865
"(-17, 21)",1860
"(-13, 16)",1860
"(-2, 14)",1858
"(-1, 2)",1852
"(2, 2)",1843
"(-30, 40)",1836
"(-12, 16)",1831
"(-20, 33)",1790
"(-10, 32)",1779
"(0, 3)",1774
"(-35, 42)",1760
"(-16, 34)",1753
"(-12, 29)",1751
"(-10, 39)",1744
"(-26, 28)",1724
"(-23, 28)",1714
"(-16, 16)",1688
"(-34, 39)",1661
"(-23, 22)",1655
"(-30, 39)",1647
"(-7, 29)",1644
"(-25, 30)",1610
"(-25, 35)",1597
"(-9, 10)",1587
"(-5, 19)",1582
"(-18, 17)",1568
"(-45, 45)",1564
"(-3, 1)",1555
"(-8, 13)",1549
"(-27, 39)",1548
"(-16, 31)",1538
"(-9, 7)",1499
"(-20, 35)",1473
"(-26, 24)",1468
"(-18, 23)",1465
"(-5, 24)",1461
"(-12, 30)",1457
"(-10, 13)",1448
"(-34, 40)",1444
"(-13, 12)",1434
"(-17, 25)",1419
"(-6, 29)",1413
"(-14, 18)",1413
"(-46, 45)",1411
"(-37, 44)",1406
"(-7, 3)",1397
"(-24, 22)",1396
"(-27, 25)",1394
"(-31, 32)",1394
"(-3, 6)",1393
"(-21, 20)",1393
"(-10, 40)",1384
"(-13, 31)",1372
"(-37, 40)",1368
"(-9, 13)",1365
"(-28, 38)",1363
"(-15, 40)",1359
"(-18, 34)",1330
"(1, 2)",1325
"(-38, 43)",1316
"(-37, 41)",1314
"(-11, 30)",1296
"(0, 7)",1295
"(-11, 35)",1291
"(-13, 32)",1290
"(-1, 14)",1287
"(-3, 17)",1286
"(1, 1)",1286
"(-10, 35)",1285
"(-13, 37)",1273
"(-24, 20)",1263
"(-11, 13)",1250
"(3, 0)",1250
"(-28, 25)",1244
"(-14, 12)",1238
"(-22, 28)",1234
"(-34, 41)",1221
"(-19, 15)",1214
"(-13, 18)",1206
"(-23, 35)",1181
"(-8, 11)",1176
"(-14, 33)",1172
"(-12, 34)",1171
"(-29, 29)",1170
"(-29, 40)",1165
"(-26, 31)",1165
"(-19, 26)",1154
"(-14, 35)",1154
"(-17, 23)",1151
"(-2, 20)",1148
"(-15, 23)",1145
"(-12, 13)",1139
"(-28, 42)",1137
"(-23, 20)",1125
"(-26, 36)",1123
"(-19, 37)",1120
"(-24, 38)",1115
"(-3, 8)",1111
"(-5, 22)",1098
"(-9, 30)",1097
"(-14, 34)",1092
"(-5, 13)",1083
"(-27, 31)",1082
"(-4, 19)",1081
"(-36, 40)",1075
"(2, 4)",1069
"(-6, 26)",1064
"(1, 5)",1062
"(-19, 39)",1055
"(-15, 12)",1051
"(-11, 32)",1047
"(-1, 9)",1045
"(-2, 19)",1044
"(-11, 9)",1035
"(-5, 8)",1029
"(-4, 6)",1020
"(-46, 44)",1019
"(-5, 23)",1014
"(-12, 32)",1009
"(-17, 33)",1002
"(-24, 39)",1001
"(-7, 8)",999
"(-4, 8)",997
"(-1, 6)",986
"(-23, 37)",986
"(-13, 34)",986
"(-28, 24)",986
"(-19, 35)",973
"(0, 6)",963
"(-7, 30)",959
"(-13, 13)",955
"(-12, 35)",953
"(-26, 37)",947
"(-14, 21)",946
"(-13, 39)",940
"(-24, 21)",939
"(-4, 24)",939
"(-26, 39)",935
"(-32, 44)",934
"(-4, 20)",931
"(-3, 4)",929
"(-2, 13)",926
"(-24, 31)",922
"(-1, 12)",921
"(-22, 21)",916
"(-6, 32)",914
"(-31, 41)",903
"(-19, 18)",890
"(-22, 35)",888
"(-11, 18)",883
"(-5, 11)",868
"(-34, 37)",861
"(-13, 35)",851
"(-10, 34)",845
"(-39, 42)",842
"(-24, 23)",836
"(-2, 3)",834
"(-41, 44)",831
"(-29, 30)",823
"(0, 9)",823
"(-20, 18)",822
"(-40, 44)",821
"(-23, 19)",818
"(-16, 38)",818
"(-18, 26)",809
"(-6, 13)",806
"(-9, 32)",800
"(-41, 45)",800
"(-12, 38)",799
"(-39, 44)",792
"(-35, 39)",791
"(-33, 37)",788
"(2, 1)",785
"(-9, 5)",782
"(-11, 39)",780
"(-25, 32)",777
"(-9, 16)",771
"(-6, 30)",765
"(-34, 42)",762
"(-15, 10)",760
"(-28, 33)",760
"(-3, 20)",760
"(-22, 39)",757
"(-4, 11)",756
"(-19, 14)",756
"(-32, 43)",755
"(-4, 0)",754
"(-13, 23)",754
"(-11, 37)",752
"(-10, 11)",744
"(-25, 39)",743
"(-10, 18)",740
"(-21, 35)",733
"(-50, 45)",726
"(-48, 45)",725
"(-12, 10)",724
"(-2, 25)",719
"(-29, 42)",718
"(-31, 44)",718
"(-1, 10)",707
"(-26, 22)",706
"(-12, 9)",705
"(-3, 19)",698
"(-25, 21)",695
"(-10, 31)",688
"(-38, 42)",686
"(-26, 33)",686
"(-6, 1)",683
"(0, 8)",678
"(-1, 15)",678
"(4, 0)",670
"(-12, 39)",665
"(-2, 22)",664
"(-30, 29)",664
"(-23, 31)",662
"(-4, 21)",660
"(-39, 45)",656
"(-5, 32)",648
"(-25, 20)",646
"(-17, 37)",644
"(-12, 21)",643
"(-40, 49)",643
"(-13, 10)",640
"(-6, 6)",640
"(-20, 28)",636
"(-27, 40)",629
"(-3, 0)",628
"(-17, 34)",628
"(-17, 15)",624
"(-29, 26)",622
"(-27, 33)",622
"(-37, 45)",622
"(-44, 44)",619
"(-46, 42)",612
"(-22, 37)",611
"(-37, 39)",609
"(6, 0)",609
"(-36, 39)",607
"(-41, 49)",606
"(-18, 15)",605
"(-25, 40)",603
"(-18, 35)",597
"(-16, 13)",596
"(-30, 42)",586
"(-2, 16)",586
"(-19, 40)",586
"(-11, 11)",584
"(-31, 42)",575
"(-6, 35)",571
"(-10, 38)",567
"(-24, 19)",566
"(-7, 6)",566
"(-21, 36)",562
"(-39, 49)",562
"(-49, 45)",559
"(-14, 42)",551
"(-31, 30)",551
"(-19, 28)",548
"(-11, 40)",547
"(-16, 37)",542
"(-20, 39)",538
"(-41, 42)",536
"(-16, 14)",534
"(-19, 16)",533
"(-29, 31)",531
"(-41, 47)",531
"(-1, 1)",529
"(-2, -2)",529
"(-31, 31)",520
"(-14, 13)",519
"(-28, 41)",516
"(-33, 42)",516
"(-15, 42)",514
"(-22, 19)",512
"(-29, 34)",511
"(-28, 44)",510
"(-21, 38)",509
"(-20, 29)",505
"(-8, 7)",504
"(-7, 22)",503
"(-20, 37)",499
"(-5, 27)",497
"(-3, 3)",497
"(-36, 45)",493
"(-32, 52)",492
"(-30, 33)",491
"(-24, 33)",491
"(-46, 40)",489
"(-16, 26)",485
"(-4, 22)",485
"(-2, 27)",482
"(-5, 0)",480
"(-10, 42)",477
"(-14, 40)",477
"(-8, 30)",475
"(-32, 33)",474
"(-16, 35)",473
"(-38, 47)",473
"(5, 0)",473
"(-32, 30)",472
"(-11, 33)",469
"(-4, 32)",467
"(-11, 21)",464
"(-3, 11)",458
"(-43, 45)",457
"(-36, 44)",455
"(-26, 25)",455
"(-38, 45)",454
"(-5, 25)",448
"(-45, 42)",444
"(-3, 22)",444
"(-41, 39)",443
"(-36, 37)",441
"(-15, 11)",439
"(2, -2)",438
"(-32, 32)",437
"(-43, 44)",434
"(-23, 39)",434
"(-18, 39)",433
"(-27, 42)",433
"(0, 11)",431
"(-21, 39)",431
"(-6, 34)",430
"(-40, 45)",428
"(-44, 45)",425
"(-35, 37)",425
"(-37, 37)",420
"(-12, 42)",416
"(-23, 40)",416
"(-39, 46)",415
"(-36, 38)",412
"(-17, 14)",410
"(-35, 43)",409
"(-27, 24)",407
"(-37, 49)",406
"(2, 5)",405
"(-2, 30)",404
"(-2, 24)",402
"(-41, 43)",402
"(-15, 26)",401
"(-32, 45)",401
"(-28, 45)",400
"(-40, 42)",400
"(0, -1)",400
"(-45, 39)",399
"(-28, 22)",398
"(-50, 44)",397
"(-17, 35)",397
"(-14, 9)",393
"(-7, 31)",389
"(-31, 51)",385
"(-42, 45)",385
"(-6, 0)",383
"(-19, 38)",381
"(-12, 40)",380
"(-13, 42)",379
"(-28, 47)",378
"(-28, 28)",377
"(-49, 44)",377
"(-9, 36)",376
"(-33, 44)",374
"(-30, 28)",374
"(-24, 40)",374
"(-16, 41)",372
"(-28, 36)",371
"(-26, 40)",370
"(-10, 6)",370
"(-18, 36)",369
"(-14, 39)",369
"(-45, 44)",367
"(-14, 10)",366
"(-3, 24)",366
"(-31, 49)",366
"(-29, 43)",366
"(2, -1)",365
"(-13, 44)",363
"(-32, 47)",363
"(-5, 30)",362
"(-2, 32)",361
"(-33, 35)",361
"(-29, 45)",361
"(-12, 23)",360
"(-6, 37)",360
"(-9, 39)",359
"(-4, 25)",358
"(0, 14)",357
"(-5, 34)",354
"(-18, 28)",354
"(-18, 16)",353
"(-35, 47)",349
"(-6, 21)",349
"(-40, 51)",345
"(-38, 39)",344
"(-17, 39)",343
"(-37, 47)",342
"(-41, 40)",342
"(-1, 20)",340
"(-26, 35)",339
"(-24, 45)",335
"(-38, 46)",334
"(6, -2)",334
"(-34, 44)",332
"(3, 2)",331
"(-40, 47)",331
"(0, 19)",329
"(-26, 19)",329
"(-43, 49)",329
"(-30, 44)",329
"(-11, 8)",328
"(-20, 16)",326
"(-32, 49)",325
"(-37, 50)",325
"(-9, 8)",325
"(-41, 52)",324
"(-4, 29)",324
"(-38, 49)",324
"(-2, 29)",324
"(1, -2)",321
"(-8, 4)",319
"(-47, 44)",319
"(-32, 29)",315
"(-23, 44)",314
"(-23, 21)",314
"(-44, 39)",314
"(-38, 40)",312
"(-38, 44)",309
"(2, -5)",308
"(-41, 37)",307
"(-3, 26)",307
"(-30, 38)",306
"(1, 3)",305
"(-21, 31)",304
"(-46, 39)",302
"(0, -2)",302
"(-35, 44)",301
"(-23, 42)",299
"(-15, 13)",298
"(-10, 41)",298
"(-29, 27)",295
"(0, 12)",295
"(-30, 25)",294
"(-6, 39)",294
"(-27, 36)",293
"(-33, 31)",293
"(-4, 31)",293
"(-2, 1)",293
"(-9, 4)",292
"(2, 7)",291
"(-8, 32)",291
"(-30, 49)",288
"(-40, 41)",287
"(-11, 42)",286
"(-45, 40)",286
"(-21, 40)",286
"(-46, 47)",285
"(-26, 20)",284
"(-8, 35)",282
"(-41, 46)",281
"(-31, 27)",281
"(-31, 36)",280
"(-20, 17)",279
"(-10, 5)",277
"(-29, 24)",274
"(-49, 40)",273
"(-45, 47)",273
"(-34, 45)",273
"(-11, 43)",273
"(-19, 41)",272
"(-14, 44)",271
"(-7, 35)",269
"(-44, 42)",268
"(-42, 42)",268
"(-12, 44)",267
"(-18, 37)",266
"(-7, 16)",266
"(-31, 40)",265
"(-35, 34)",264
"(-38, 51)",262
"(-9, 34)",262
"(-18, 14)",262
"(0, 15)",261
"(-22, 41)",260
"(-27, 21)",259
"(-41, 35)",259
"(-24, 47)",257
"(-22, 17)",256
"(-20, 31)",256
"(-27, 22)",255
"(-6, 33)",255
"(-41, 50)",254
"(-30, 37)",252
"(-35, 36)",250
"(-36, 49)",249
"(-24, 42)",248
"(-9, 35)",248
"(-30, 27)",247
"(1, -1)",247
"(-42, 44)",246
"(-2, 23)",246
"(0, 10)",245
"(-31, 29)",244
"(-1, -2)",243
"(-39, 48)",243
"(-17, 12)",242
"(7, 0)",242
"(-11, 24)",240
"(-8, 18)",239
"(-13, 9)",238
"(6, -1)",237
"(0, 17)",237
"(-31, 33)",237
"(-20, 40)",236
"(-19, 44)",235
"(-43, 40)",235
"(-36, 47)",234
"(-47, 39)",233
"(-8, 34)",233
"(-31, 45)",232
"(-27, 26)",232
"(-43, 51)",231
"(-19, 42)",231
"(-36, 46)",231
"(-33, 45)",231
"(-41, 51)",231
"(-34, 34)",227
"(-16, 40)",227
"(-13, 11)",226
"(-51, 45)",226
"(-15, 52)",226
"(2, -4)",225
"(3, -2)",225
"(-22, 42)",224
"(-33, 47)",223
"(-23, 47)",223
"(-7, 34)",223
"(-25, 23)",223
"(-4, 27)",222
"(-24, 49)",222
"(-10, 8)",221
"(-10, 23)",220
"(-9, 37)",219
"(-48, 47)",219
"(-37, 51)",218
"(-5, 37)",218
"(-9, 21)",218
"(-44, 40)",217
"(-42, 51)",215
"(0, 22)",215
"(-28, 49)",214
"(-34, 47)",214
"(-39, 51)",213
"(-47, 45)",213
"(-39, 40)",213
"(-31, 38)",212
"(-30, 31)",212
"(4, -5)",211
"(-9, 6)",210
"(-7, 32)",210
"(-15, 45)",210
"(-13, 45)",210
"(-35, 51)",209
"(-15, 43)",208
"(-3, 35)",208
"(-3, 29)",208
"(-14, 47)",207
"(1, 4)",206
"(-47, 46)",206
"(-10, 44)",205
"(-49, 47)",205
"(-18, 40)",205
"(-21, 17)",204
"(-1, 17)",204
"(-32, 38)",204
"(-25, 41)",204
"(-8, 23)",203
"(-42, 49)",202
"(-45, 56)",200
"(-25, 36)",200
"(-39, 39)",200
"(-43, 54)",198
"(-29, 38)",198
"(-33, 52)",197
"(-34, 35)",196
"(1, 7)",196
"(-17, 28)",195
"(-16, 12)",195
"(-5, 29)",195
"(-22, 33)",195
"(-34, 31)",195
"(-1, 8)",194
"(-16, 42)",192
"(-43, 47)",192
"(-32, 54)",192
"(-24, 44)",189
"(-43, 41)",189
"(-48, 44)",188
"(-39, 52)",188
"(-3, 28)",188
"(-29, 44)",188
"(-52, 41)",188
"(-34, 51)",187
"(-30, 47)",187
"(-33, 34)",187
"(-27, 45)",186
"(-40, 48)",186
"(-30, 46)",186
"(-46, 37)",185
"(-24, 36)",184
"(0, -4)",184
"(-10, 47)",183
"(-18, 12)",183
"(-21, 33)",183
"(-26, 42)",180
"(-11, 7)",180
"(-33, 49)",179
"(-34, 49)",179
"(-27, 19)",178
"(-50, 46)",178
"(-40, 40)",178
"(-15, 47)",178
"(7, -5)",178
"(-36, 52)",178
"(-21, 42)",177
"(-32, 51)",176
"(-32, 50)",175
"(-17, 40)",175
"(-42, 40)",174
"(4, 2)",174
"(7, -2)",173
"(-17, 51)",173
"(-24, 46)",173
"(-29, 47)",173
"(-46, 43)",171
"(-37, 48)",171
"(-24, 17)",170
"(-27, 20)",170
"(-36, 35)",170
"(-49, 41)",169
"(-21, 14)",169
"(-50, 40)",169
"(-28, 20)",168
"(-50, 42)",168
"(-43, 39)",168
"(-39, 38)",168
"(-30, 45)",167
"(-3, 30)",166
"(-24, 52)",165
"(-37, 35)",164
"(-10, 45)",163
"(-31, 48)",163
"(-23, 45)",163
"(-20, 42)",162
"(-34, 48)",162
"(-26, 44)",162
"(-1, 21)",161
"(-19, 45)",160
"(-25, 37)",160
"(-2, 33)",160
"(-11, 45)",160
"(-11, 44)",160
"(-35, 50)",159
"(-29, 25)",158
"(-37, 34)",158
"(-27, 38)",157
"(-17, 41)",157
"(-33, 32)",157
"(-29, 22)",156
"(-26, 43)",156
"(-1, 11)",156
"(-16, 28)",156
"(-12, 46)",156
"(6, -4)",156
"(-35, 49)",154
"(-37, 52)",153
"(8, 0)",152
"(6, -5)",152
"(-13, 26)",150
"(-23, 36)",150
"(-31, 47)",149
"(-1, 25)",149
"(-27, 44)",149
"(-48, 39)",148
"(-25, 42)",147
"(-42, 46)",147
"(4, 3)",147
"(-37, 32)",147
"(-7, 4)",147
"(-5, 35)",147
"(-15, 28)",144
"(-44, 56)",144
"(-44, 46)",144
"(-13, 47)",143
"(-18, 54)",143
"(6, -7)",143
"(-4, 34)",143
"(-32, 41)",143
"(-28, 48)",142
"(-27, 46)",141
"(-7, 37)",141
"(-20, 34)",141
"(-40, 37)",141
"(-49, 42)",140
"(-44, 52)",140
"(-16, 51)",139
"(-23, 51)",139
"(-37, 57)",139
"(-44, 37)",139
"(-33, 51)",138
"(-1, 18)",138
"(1, 9)",137
"(-12, 45)",137
"(-39, 47)",137
"(-18, 42)",136
"(-6, 36)",136
"(2, 9)",135
"(-30, 41)",135
"(-29, 49)",135
"(-6, 16)",134
"(-22, 44)",133
"(-2, 11)",133
"(2, 10)",133
"(-43, 37)",133
"(-26, 45)",132
"(2, 14)",132
"(-15, 51)",132
"(-33, 54)",132
"(-15, 44)",131
"(-30, 52)",131
"(-24, 54)",130
"(-26, 38)",130
"(-32, 46)",130
"(-53, 42)",130
"(-30, 51)",130
"(-20, 15)",129
"(-42, 38)",128
"(-2, 34)",128
"(-41, 54)",128
"(3, 1)",128
"(-1, 19)",128
"(-24, 51)",128
"(-31, 25)",127
"(-35, 32)",127
"(-31, 52)",126
"(-25, 19)",126
"(-19, 13)",126
"(0, 20)",125
"(2, -3)",125
"(-35, 45)",125
"(3, -1)",124
"(-7, 18)",123
"(-43, 43)",123
"(-3, 34)",123
"(-1, 22)",122
"(-29, 41)",121
"(-54, 45)",121
"(-36, 51)",121
"(-8, 21)",120
"(-18, 31)",119
"(-33, 46)",119
"(-18, 44)",119
"(-33, 41)",119
"(-8, 5)",118
"(-25, 38)",118
"(-45, 49)",118
"(10, 0)",116
"(7, -4)",115
"(-40, 39)",114
"(-18, 57)",114
"(-16, 52)",114
"(-14, 11)",114
"(4, -2)",113
"(10, -4)",113
"(-45, 38)",113
"(-7, 38)",113
"(-34, 33)",112
"(-30, 43)",112
"(-22, 45)",112
"(3, -4)",112
"(-14, 49)",112
"(-40, 52)",111
"(-21, 45)",111
"(-36, 54)",110
"(-48, 38)",110
"(9, -4)",109
"(-11, 47)",109
"(-23, 38)",109
"(5, -5)",109
"(9, -1)",109
"(-22, 36)",108
"(4, -3)",108
"(-12, 27)",108
"(-23, 17)",108
"(-38, 36)",108
"(-44, 57)",108
"(-45, 52)",107
"(-26, 47)",107
"(-21, 44)",106
"(-8, 39)",105
"(-31, 43)",105
"(-19, 33)",105
"(-51, 41)",103
"(10, -2)",103
"(-47, 40)",103
"(-8, 37)",103
"(2, 3)",102
"(-44, 54)",102
"(-6, 40)",102
"(5, -2)",102
"(-41, 36)",102
"(-11, 6)",102
"(-50, 39)",101
"(-15, 49)",101
"(2, 15)",101
"(-27, 49)",101
"(-9, 23)",101
"(-1, 24)",100
"(-34, 30)",100
"(-28, 51)",100
"(-4, 39)",99
"(-25, 45)",99
"(-27, 47)",99
"(2, 12)",99
"(-32, 27)",99
"(-8, 43)",99
"(-17, 54)",98
"(-36, 56)",98
"(5, -4)",98
"(-22, 38)",98
"(-35, 54)",97
"(-28, 43)",97
"(-1, 27)",97
"(-52, 45)",97
"(0, 24)",97
"(-4, 35)",97
"(-33, 43)",97
"(-12, 7)",96
"(-9, 26)",96
"(-46, 51)",96
"(-42, 54)",96
"(10, -7)",95
"(-28, 26)",95
"(-46, 50)",95
"(-44, 50)",95
"(6, -3)",95
"(-19, 47)",95
"(-48, 42)",94
"(-24, 18)",94
"(-14, 45)",94
"(-28, 50)",94
"(-15, 54)",94
"(-46, 49)",94
"(-16, 58)",94
"(5, 1)",93
"(-23, 54)",92
"(-30, 24)",92
"(-26, 41)",92
"(-18, 11)",91
"(-46, 54)",91
"(-14, 50)",91
"(-51, 42)",91
"(-29, 51)",91
"(-22, 47)",90
"(-26, 51)",90
"(-18, 56)",90
"(5, 2)",90
"(-39, 54)",90
"(-42, 37)",90
"(-33, 36)",90
"(-46, 59)",89
"(0, 25)",89
"(-12, 47)",89
"(-52, 44)",89
"(-2, -1)",88
"(8, -2)",88
"(-48, 41)",88
"(-10, 4)",87
"(-15, 50)",87
"(8, -5)",86
"(0, -5)",86
"(-15, 46)",86
"(-41, 53)",85
"(8, -4)",85
"(-21, 15)",85
"(8, -7)",85
"(-27, 41)",84
"(10, -9)",84
"(-50, 43)",84
"(-20, 44)",84
"(-44, 51)",84
"(-13, 7)",84
"(-18, 33)",84
"(3, 5)",84
"(1, -3)",83
"(-9, 44)",83
"(5, -1)",83
"(-34, 54)",82
"(-35, 52)",82
"(-25, 47)",82
"(-24, 15)",82
"(-53, 44)",82
"(-25, 17)",82
"(-3, 13)",81
"(-30, 30)",81
"(-34, 52)",81
"(-22, 15)",81
"(-25, 48)",81
"(-36, 31)",81
"(-17, 44)",81
"(3, 4)",81
"(-9, 40)",80
"(3, -5)",80
"(-47, 61)",80
"(-21, 37)",80
"(-17, 31)",80
"(-28, 52)",80
"(-36, 34)",79
"(-24, 56)",79
"(-23, 50)",79
"(-23, 15)",78
"(-47, 47)",78
"(-24, 41)",78
"(-36, 32)",77
"(-6, 3)",77
"(-7, 40)",77
"(-43, 52)",76
"(-16, 48)",76
"(-9, 42)",75
"(-16, 44)",75
"(-42, 52)",75
"(-44, 53)",75
"(-22, 52)",74
"(-34, 38)",74
"(-43, 56)",73
"(-39, 37)",73
"(7, -1)",73
"(1, -4)",73
"(-12, 8)",73
"(-44, 49)",73
"(-15, 31)",73
"(-17, 13)",72
"(-45, 59)",72
"(-8, 25)",72
"(-40, 35)",72
"(0, -3)",71
"(-38, 37)",71
"(-19, 67)",71
"(-19, 12)",71
"(1, 6)",70
"(-20, 14)",70
"(-45, 55)",70
"(-41, 56)",70
"(4, -1)",70
"(-34, 43)",69
"(7, -7)",69
"(-4, 37)",69
"(-20, 36)",69
"(-14, 28)",68
"(-18, 52)",68
"(-16, 54)",68
"(8, -8)",68
"(-22, 40)",68
"(-24, 14)",68
"(-22, 48)",67
"(-16, 10)",67
"(-40, 54)",67
"(-35, 56)",67
"(12, -20)",67
"(-33, 55)",67
"(3, 3)",67
"(2, 20)",67
"(-3, 37)",67
"(-5, 3)",66
"(-2, -4)",66
"(-20, 45)",66
"(-31, 46)",65
"(-5, 39)",65
"(-30, 48)",65
"(-29, 28)",65
"(-46, 52)",64
"(1, 13)",64
"(-26, 49)",64
"(-5, 40)",64
"(-14, 51)",64
"(-21, 18)",64
"(-15, 53)",64
"(-20, 68)",64
"(-14, 7)",63
"(-29, 53)",63
"(-23, 16)",63
"(-22, 49)",63
"(-22, 14)",63
"(-23, 49)",63
"(-8, 2)",62
"(6, 2)",62
"(-35, 41)",62
"(-19, 36)",62
"(-40, 55)",62
"(-16, 45)",62
"(-39, 35)",61
"(10, -14)",61
"(-17, 43)",61
"(-44, 36)",61
"(-41, 57)",61
"(-40, 57)",61
"(-18, 38)",60
"(-13, 30)",60
"(-23, 52)",60
"(0, 16)",60
"(1, 15)",60
"(-17, 59)",60
"(-16, 49)",60
"(-39, 57)",60
"(-41, 61)",59
"(-1, 28)",59
"(-15, 9)",58
"(10, -5)",58
"(-13, 28)",58
"(-24, 53)",57
"(-19, 64)",57
"(-33, 48)",57
"(-19, 65)",57
"(-34, 50)",57
"(-25, 56)",57
"(11, -4)",57
"(4, 4)",57
"(-45, 51)",56
"(-1, 29)",56
"(-22, 51)",56
"(-10, 26)",56
"(-35, 30)",56
"(-19, 69)",56
"(-37, 54)",56
"(-4, -2)",56
"(-45, 37)",55
"(-17, 56)",55
"(-37, 56)",55
"(-54, 42)",55
"(6, 5)",55
"(-4, 38)",55
"(9, -3)",55
"(-27, 43)",55
"(-31, 22)",54
"(-20, 38)",54
"(3, 6)",54
"(-51, 44)",54
"(-31, 24)",54
"(-29, 48)",54
"(1, 14)",54
"(-28, 19)",53
"(-33, 28)",53
"(-40, 34)",53
"(-46, 57)",53
"(-18, 53)",53
"(4, 5)",53
"(-34, 46)",52
"(2, 8)",52
"(-36, 48)",52
"(-20, 60)",52
"(-35, 46)",52
"(-49, 39)",52
"(-31, 54)",52
"(-43, 57)",52
"(-32, 48)",52
"(-23, 41)",51
"(4, 1)",51
"(-54, 47)",51
"(-15, 55)",51
"(-30, 22)",51
"(-54, 44)",51
"(-3, 40)",51
"(-21, 47)",51
"(-37, 55)",51
"(-20, 61)",51
"(2, 17)",51
"(-45, 54)",51
"(-21, 61)",50
"(-16, 50)",50
"(12, -7)",50
"(-10, 1)",50
"(-45, 57)",50
"(-46, 61)",49
"(-19, 66)",49
"(-39, 56)",49
"(-11, 5)",49
"(-31, 50)",49
"(1, 22)",49
"(-21, 62)",49
"(-16, 56)",49
"(-25, 22)",49
"(10, -10)",49
"(9, 0)",48
"(-16, 33)",48
"(-14, 31)",48
"(-27, 51)",48
"(-24, 55)",48
"(-36, 43)",48
"(-17, 57)",48
"(-31, 23)",48
"(8, -1)",48
"(-29, 46)",47
"(-19, 52)",47
"(-32, 25)",47
"(-17, 49)",47
"(-46, 56)",47
"(-19, 49)",47
"(-22, 62)",47
"(-4, 23)",47
"(-41, 59)",47
"(-19, 54)",47
"(-17, 38)",47
"(-25, 52)",46
"(-24, 43)",46
"(-37, 30)",46
"(2, 19)",46
"(-11, 49)",46
"(-36, 30)",46
"(-30, 50)",46
"(-33, 30)",46
"(-32, 56)",46
"(-19, 68)",46
"(-18, 51)",46
"(5, 4)",45
"(-19, 59)",45
"(-21, 52)",45
"(-17, 36)",45
"(-34, 36)",45
"(-39, 59)",45
"(-47, 51)",45
"(-26, 17)",45
"(-21, 46)",45
"(-23, 43)",45
"(-30, 21)",45
"(-17, 47)",45
"(-17, 52)",45
"(-28, 54)",45
"(-25, 43)",45
"(-53, 46)",44
"(-10, 49)",44
"(-21, 71)",44
"(-15, 4)",44
"(-24, 57)",44
"(3, -3)",44
"(7, -6)",44
"(-16, 47)",44
"(-19, 60)",44
"(-22, 61)",43
"(-13, 8)",43
"(-40, 59)",43
"(-25, 44)",43
"(9, -7)",43
"(-19, 58)",43
"(-21, 49)",43
"(-53, 45)",43
"(-16, 11)",43
"(-26, 23)",42
"(-50, 47)",42
"(10, -12)",42
"(-22, 64)",42
"(-33, 50)",42
"(-20, 41)",42
"(-35, 57)",42
"(-22, 63)",42
"(-38, 53)",41
"(-30, 54)",41
"(-20, 66)",41
"(-51, 46)",41
"(1, 10)",41
"(-42, 57)",41
"(-28, 46)",41
"(-19, 63)",41
"(-35, 38)",41
"(-20, 62)",41
"(-17, 10)",40
"(-14, 2)",40
"(3, 10)",40
"(-23, 14)",40
"(-19, 10)",40
"(7, -9)",40
"(-29, 52)",40
"(-20, 65)",40
"(-17, 45)",40
"(-37, 59)",40
"(-48, 51)",39
"(6, -9)",39
"(-46, 58)",39
"(-20, 47)",39
"(-22, 60)",39
"(-10, 2)",39
"(-15, 33)",39
"(-37, 43)",39
"(-22, 54)",39
"(-16, 36)",39
"(-38, 57)",39
"(-18, 10)",39
"(-34, 56)",39
"(-10, 0)",38
"(-28, 62)",38
"(-27, 52)",38
"(-12, 49)",38
"(1, -5)",38
"(-20, 49)",38
"(-32, 53)",38
"(-52, 40)",38
"(-20, 67)",38
"(-42, 35)",38
"(-12, 6)",38
"(-20, 63)",38
"(-20, 69)",38
"(-18, 13)",38
"(-48, 52)",37
"(-21, 63)",37
"(5, -6)",37
"(10, -15)",37
"(3, 7)",37
"(-41, 32)",37
"(-26, 16)",37
"(-38, 54)",37
"(-46, 62)",37
"(-45, 35)",37
"(-26, 59)",37
"(-42, 61)",37
"(12, -12)",37
"(-44, 47)",36
"(-21, 12)",36
"(-15, 56)",36
"(11, -17)",36
"(-32, 24)",36
"(-27, 48)",36
"(-25, 49)",36
"(1, 20)",36
"(-19, 62)",36
"(-40, 58)",36
"(-17, 50)",36
"(9, -2)",36
"(-32, 57)",36
"(-47, 49)",35
"(9, -9)",35
"(-43, 35)",35
"(-18, 49)",35
"(-21, 60)",35
"(-43, 34)",35
"(-25, 54)",35
"(-22, 56)",35
"(-20, 70)",35
"(-22, 13)",35
"(-4, 1)",35
"(-21, 41)",35
"(-41, 34)",35
"(-19, 61)",35
"(10, -3)",35
"(-44, 59)",35
"(-2, 35)",34
"(-50, 49)",34
"(11, -2)",34
"(9, -5)",34
"(-36, 41)",34
"(11, -18)",34
"(-19, 57)",34
"(-52, 47)",34
"(-20, 12)",34
"(-17, 42)",34
"(-20, 52)",34
"(-15, 8)",34
"(-21, 51)",34
"(-55, 45)",33
"(-42, 56)",33
"(1, 12)",33
"(-40, 32)",33
"(-32, 59)",33
"(6, -10)",33
"(3, 12)",33
"(1, 21)",33
"(-12, 1)",33
"(12, -3)",33
"(11, -9)",33
"(-35, 48)",33
"(-34, 57)",32
"(-41, 60)",32
"(-19, 51)",32
"(-42, 47)",32
"(-21, 16)",32
"(-21, 64)",32
"(-33, 53)",32
"(-25, 50)",32
"(2, -7)",32
"(10, -16)",32
"(-17, 53)",32
"(12, -19)",31
"(-20, 58)",31
"(-19, 71)",31
"(-18, 62)",31
"(-26, 54)",31
"(-1, -4)",31
"(-35, 29)",31
"(-25, 59)",31
"(-29, 20)",31
"(-23, 12)",31
"(5, 5)",31
"(-21, 68)",30
"(-29, 50)",30
"(-7, 0)",30
"(0, 29)",30
"(-54, 41)",30
"(-15, 5)",30
"(-21, 69)",30
"(-13, 49)",30
"(-18, 45)",30
"(-38, 56)",30
"(10, -6)",30
"(-18, 58)",30
"(-23, 56)",30
"(-37, 58)",29
"(9, -14)",29
"(-22, 66)",29
"(-55, 43)",29
"(-18, 47)",29
"(-47, 37)",29
"(-20, 64)",29
"(-43, 42)",29
"(6, 4)",29
"(-49, 51)",29
"(-25, 46)",29
"(-20, 59)",29
"(3, 14)",29
"(-28, 17)",29
"(-27, 54)",29
"(-4, 16)",29
"(11, 0)",29
"(-18, 59)",28
"(-54, 40)",28
"(-21, 70)",28
"(-37, 46)",28
"(-9, 0)",28
"(-28, 57)",28
"(-19, 56)",28
"(-22, 65)",28
"(-37, 62)",28
"(-49, 50)",28
"(-36, 59)",28
"(-31, 53)",28
"(0, -7)",28
"(-27, 62)",27
"(-21, 43)",27
"(-16, 4)",27
"(-13, 2)",27
"(12, -10)",27
"(-36, 29)",27
"(13, -10)",27
"(-21, 55)",27
"(-19, 72)",27
"(12, -17)",27
"(-9, 2)",27
"(-22, 43)",27
"(0, 23)",27
"(-29, 54)",27
"(-9, 1)",27
"(-48, 48)",27
"(2, 22)",27
"(7, 2)",27
"(-5, -2)",27
"(-7, 1)",26
"(-19, 73)",26
"(-18, 64)",26
"(-23, 65)",26
"(-29, 19)",26
"(-22, 59)",26
"(-3, -2)",26
"(-14, 8)",26
"(-7, 2)",26
"(7, -3)",26
"(-30, 53)",26
"(3, -7)",26
"(-16, 9)",26
"(-23, 67)",26
"(-23, 59)",26
"(8, -14)",26
"(-40, 56)",26
"(-19, 55)",26
"(3, 9)",26
"(-8, 0)",26
"(8, -3)",26
"(-27, 56)",26
"(12, -4)",26
"(-38, 35)",25
"(-14, 5)",25
"(-1, 32)",25
"(11, -1)",25
"(-26, 48)",25
"(-33, 57)",25
"(-34, 29)",25
"(-23, 62)",25
"(-37, 64)",25
"(-19, 70)",25
"(-23, 46)",25
"(-22, 18)",25
"(-47, 52)",25
"(-18, 43)",25
"(-25, 61)",25
"(-12, 5)",25
"(-38, 60)",24
"(-17, 55)",24
"(-16, 39)",24
"(-18, 46)",24
"(-8, 3)",24
"(13, -4)",24
"(-20, 71)",24
"(2, 6)",24
"(7, -12)",24
"(-26, 46)",24
"(9, -10)",24
"(-21, 65)",24
"(-26, 52)",24
"(11, -5)",24
"(-17, 58)",24
"(-19, 74)",24
"(-13, 3)",23
"(11, -10)",23
"(-15, 7)",23
"(11, -7)",23
"(-21, 53)",23
"(-43, 61)",23
"(-15, 2)",23
"(-13, 40)",23
"(-32, 26)",23
"(-13, 4)",23
"(-22, 55)",23
"(-17, 9)",23
"(12, -2)",23
"(-43, 58)",23
"(-48, 49)",23
"(8, -9)",23
"(-22, 69)",22
"(-23, 64)",22
"(-36, 50)",22
"(-26, 57)",22
"(14, -19)",22
"(-37, 61)",22
"(3, 13)",22
"(-24, 48)",22
"(-36, 57)",22
"(-38, 48)",22
"(-28, 23)",22
"(8, -12)",22
"(-39, 61)",22
"(-31, 55)",22
"(-21, 56)",22
"(-9, 3)",22
"(0, 26)",22
"(-26, 61)",22
"(-21, 66)",22
"(-17, 5)",22
"(-46, 60)",22
"(-5, 1)",21
"(-18, 65)",21
"(-20, 56)",21
"(-51, 47)",21
"(-10, 3)",21
"(4, -4)",21
"(-25, 57)",21
"(-18, 55)",21
"(-48, 56)",21
"(-47, 59)",21
"(7, -13)",21
"(-18, 60)",21
"(-30, 56)",21
"(-21, 59)",21
"(9, -11)",21
"(-24, 73)",21
"(-27, 18)",21
"(8, 2)",21
"(-16, 46)",21
"(-22, 68)",21
"(-23, 70)",21
"(-26, 53)",21
"(-16, 7)",20
"(-23, 73)",20
"(-32, 31)",20
"(-1, -1)",20
"(-12, 37)",20
"(-41, 62)",20
"(14, -4)",20
"(-18, 68)",20
"(-15, 3)",20
"(-22, 72)",20
"(-18, 63)",20
"(-19, 48)",20
"(-46, 35)",20
"(8, -10)",20
"(-23, 57)",20
"(7, -14)",20
"(-24, 59)",20
"(6, 3)",20
"(11, -8)",20
"(7, 4)",19
"(-38, 50)",19
"(-47, 36)",19
"(4, 7)",19
"(-42, 59)",19
"(-20, 9)",19
"(-13, 33)",19
"(-34, 55)",19
"(-51, 40)",19
"(1, 11)",19
"(6, 1)",19
"(-26, 18)",19
"(-11, 4)",19
"(-33, 56)",19
"(-33, 33)",19
"(-23, 61)",19
"(11, -15)",19
"(4, -7)",19
"(-1, -5)",19
"(9, -12)",19
"(-12, 2)",19
"(-21, 11)",19
"(-5, 18)",19
"(-20, 43)",19
"(0, 27)",19
"(-22, 46)",19
"(-26, 56)",18
"(-26, 15)",18
"(-30, 55)",18
"(2, 18)",18
"(-31, 56)",18
"(-43, 33)",18
"(-44, 35)",18
"(-23, 68)",18
"(-34, 58)",18
"(-21, 67)",18
"(15, -4)",18
"(11, -3)",18
"(-27, 57)",18
"(-18, 50)",18
"(-22, 12)",18
"(-28, 53)",18
"(-2, -7)",18
"(14, -8)",18
"(-18, 61)",18
"(-29, 56)",18
"(-32, 62)",18
"(-17, 60)",17
"(5, -8)",17
"(-21, 73)",17
"(-14, 52)",17
"(9, -15)",17
"(-20, 57)",17
"(12, -9)",17
"(-27, 50)",17
"(-24, 71)",17
"(-2, -5)",17
"(-19, 75)",17
"(-11, 50)",17
"(1, 19)",17
"(-1, 30)",17
"(-22, 71)",17
"(-23, 69)",17
"(-50, 51)",17
"(-26, 50)",17
"(-39, 31)",17
"(13, -7)",17
"(-20, 54)",17
"(-19, 9)",16
"(-16, 59)",16
"(-28, 55)",16
"(-13, 52)",16
"(-22, 74)",16
"(13, -5)",16
"(-40, 61)",16
"(-51, 38)",16
"(-4, -3)",16
"(-22, 70)",16
"(11, -11)",16
"(-22, 57)",16
"(8, -15)",16
"(2, 11)",16
"(-11, 28)",16
"(13, -20)",16
"(-38, 52)",16
"(-48, 59)",16
"(-17, 4)",15
"(-27, 23)",15
"(-3, 36)",15
"(-17, 7)",15
"(-27, 61)",15
"(-27, 53)",15
"(-55, 44)",15
"(-39, 29)",15
"(-32, 22)",15
"(-20, 72)",15
"(-36, 55)",15
"(-22, 67)",15
"(-21, 72)",15
"(-50, 52)",15
"(-38, 59)",15
"(-22, 10)",15
"(-32, 69)",15
"(-23, 60)",15
"(-18, 66)",15
"(-19, 7)",15
"(14, -7)",15
"(-24, 72)",15
"(-56, 44)",15
"(-29, 57)",15
"(-25, 51)",15
"(5, -16)",15
"(-38, 34)",15
"(-11, 2)",15
"(-53, 49)",15
"(-47, 56)",15
"(-24, 12)",14
"(12, -6)",14
"(-23, 63)",14
"(-28, 67)",14
"(7, -10)",14
"(-35, 53)",14
"(-49, 49)",14
"(-31, 67)",14
"(-23, 74)",14
"(-16, 6)",14
"(-20, 73)",14
"(-48, 62)",14
"(-18, 9)",14
"(-23, 66)",14
"(11, -19)",14
"(-34, 53)",14
"(-8, 26)",14
"(-16, 53)",14
"(-47, 53)",14
"(-17, 65)",14
"(-21, 54)",14
"(-39, 50)",14
"(-19, 6)",14
"(-12, 4)",14
"(-23, 48)",14
"(-47, 57)",14
"(4, -13)",14
"(-21, 58)",14
"(-57, 45)",14
"(-27, 17)",14
"(-42, 31)",13
"(-18, 41)",13
"(-23, 72)",13
"(2, -6)",13
"(-38, 61)",13
"(-25, 62)",13
"(-35, 55)",13
"(-32, 67)",13
"(16, -5)",13
"(-17, 62)",13
"(-24, 62)",13
"(-39, 34)",13
"(-56, 42)",13
"(-19, 43)",13
"(7, 1)",13
"(13, -6)",13
"(-24, 64)",13
"(-12, 52)",13
"(-40, 62)",13
"(-32, 61)",13
"(-33, 61)",13
"(-19, 76)",13
"(-18, 4)",13
"(-23, 58)",13
"(-28, 64)",13
"(4, -14)",13
"(10, -19)",13
"(-20, 10)",13
"(-28, 59)",13
"(-8, 1)",13
"(0, 18)",13
"(-33, 24)",13
"(-23, 71)",12
"(-20, 46)",12
"(-13, 5)",12
"(-35, 35)",12
"(-40, 30)",12
"(14, -9)",12
"(-6, 42)",12
"(-14, 4)",12
"(5, -3)",12
"(13, -12)",12
"(-39, 43)",12
"(-47, 54)",12
"(1, -6)",12
"(-19, 5)",12
"(10, -17)",12
"(-24, 63)",12
"(-23, 76)",12
"(-37, 27)",12
"(-43, 59)",12
"(-13, 6)",12
"(19, -12)",12
"(-16, 57)",12
"(-17, 11)",12
"(-15, 38)",12
"(10, 2)",12
"(-37, 65)",12
"(-58, 45)",12
"(13, -9)",12
"(-17, 61)",12
"(12, -5)",12
"(-15, 57)",12
"(-30, 63)",11
"(-39, 55)",11
"(-38, 32)",11
"(-30, 19)",11
"(-53, 40)",11
"(-50, 37)",11
"(13, -19)",11
"(-5, -4)",11
"(-9, 28)",11
"(8, -6)",11
"(-29, 55)",11
"(-33, 59)",11
"(-27, 15)",11
"(-8, 41)",11
"(-20, 76)",11
"(4, -15)",11
"(15, -5)",11
"(-28, 58)",11
"(14, -5)",11
"(15, -7)",11
"(-21, 48)",11
"(-32, 64)",11
"(10, -1)",11
"(13, -2)",11
"(-35, 61)",10
"(3, -11)",10
"(2, -8)",10
"(-24, 75)",10
"(-31, 57)",10
"(-31, 69)",10
"(9, -6)",10
"(-27, 55)",10
"(-15, 48)",10
"(-26, 21)",10
"(-49, 37)",10
"(11, -12)",10
"(-21, 9)",10
"(-28, 56)",10
"(-31, 20)",10
"(14, -14)",10
"(-22, 76)",10
"(-20, 78)",10
"(-23, 75)",10
"(-21, 57)",10
"(-30, 66)",10
"(4, 9)",10
"(-33, 67)",10
"(1, 27)",10
"(-20, 74)",10
"(2, 25)",10
"(-5, 26)",10
"(-21, 74)",10
"(-34, 61)",10
"(-26, 55)",10
"(-20, 75)",10
"(-20, 51)",10
"(-39, 32)",10
"(-12, 31)",10
"(-31, 61)",10
"(-18, 67)",10
"(-41, 30)",10
"(-31, 66)",10
"(-16, 55)",10
"(-11, 0)",10
"(-12, 33)",10
"(-36, 53)",10
"(-44, 60)",10
"(-19, 8)",10
"(-19, 53)",10
"(-56, 46)",9
"(-3, -4)",9
"(-42, 32)",9
"(-19, 11)",9
"(-33, 62)",9
"(-20, 55)",9
"(-33, 27)",9
"(-3, -5)",9
"(-22, 58)",9
"(-4, 18)",9
"(1, 30)",9
"(-17, 63)",9
"(-31, 28)",9
"(-15, 6)",9
"(-16, 61)",9
"(-35, 59)",9
"(-1, -6)",9
"(-6, 43)",9
"(-46, 64)",9
"(-19, 4)",9
"(-48, 64)",9
"(2, 24)",9
"(-21, 75)",9
"(16, -4)",9
"(0, -9)",9
"(-48, 54)",9
"(-18, 69)",9
"(7, -16)",9
"(-24, 50)",9
"(5, 7)",9
"(-52, 49)",9
"(-6, -2)",9
"(-52, 39)",9
"(-25, 15)",9
"(-34, 60)",9
"(12, -21)",9
"(-20, 77)",9
"(3, -12)",9
"(-58, 42)",9
"(9, -17)",9
"(-31, 58)",8
"(-19, 46)",8
"(-18, 73)",8
"(-49, 54)",8
"(-6, -4)",8
"(-34, 66)",8
"(-23, 18)",8
"(-46, 67)",8
"(-50, 54)",8
"(5, -7)",8
"(-40, 53)",8
"(-20, 48)",8
"(14, -6)",8
"(-34, 27)",8
"(14, -12)",8
"(-14, 3)",8
"(-18, 71)",8
"(-23, 13)",8
"(19, -9)",8
"(-29, 61)",8
"(14, 0)",8
"(-17, 8)",8
"(-21, 7)",8
"(-16, 60)",8
"(12, 0)",8
"(2, -9)",8
"(14, -3)",8
"(-51, 51)",8
"(1, -7)",8
"(-55, 40)",8
"(-23, 77)",8
"(-44, 43)",8
"(-24, 74)",8
"(-27, 14)",8
"(11, -6)",8
"(-34, 59)",8
"(-38, 62)",8
"(1, 25)",8
"(-49, 52)",8
"(-45, 63)",8
"(-12, 3)",8
"(13, -22)",8
"(-31, 59)",8
"(-27, 63)",8
"(-29, 66)",8
"(-5, 21)",8
"(-22, 16)",8
"(15, -10)",8
"(-33, 25)",8
"(8, -17)",8
"(15, -2)",8
"(-32, 55)",8
"(-52, 51)",8
"(-18, 72)",7
"(-50, 56)",7
"(14, -10)",7
"(-44, 32)",7
"(-57, 44)",7
"(-3, 18)",7
"(-44, 61)",7
"(17, -5)",7
"(-43, 62)",7
"(-13, 38)",7
"(-28, 21)",7
"(-24, 69)",7
"(0, 30)",7
"(10, 3)",7
"(-38, 30)",7
"(-49, 57)",7
"(-44, 34)",7
"(-26, 62)",7
"(-39, 66)",7
"(-11, 3)",7
"(-1, 13)",7
"(-50, 35)",7
"(4, -6)",7
"(-38, 41)",7
"(12, -1)",7
"(-17, 48)",7
"(-45, 61)",7
"(-36, 58)",7
"(-43, 32)",7
"(-20, 13)",7
"(-43, 50)",7
"(-50, 53)",7
"(-46, 34)",7
"(-34, 25)",7
"(-33, 58)",7
"(-49, 59)",7
"(-35, 69)",7
"(13, -1)",7
"(-15, 59)",7
"(-11, 1)",7
"(17, -10)",7
"(-4, -5)",7
"(-22, 73)",7
"(-13, 51)",7
"(-15, 41)",7
"(-36, 27)",7
"(4, 11)",7
"(-29, 62)",7
"(-38, 29)",7
"(-28, 60)",7
"(-37, 29)",7
"(-29, 67)",7
"(-23, 55)",7
"(-44, 67)",7
"(5, -17)",7
"(-22, 53)",7
"(0, 13)",7
"(11, -20)",7
"(-14, 54)",7
"(-30, 62)",7
"(12, -14)",7
"(3, -10)",7
"(-11, 34)",7
"(12, -22)",7
"(16, -7)",6
"(-14, 46)",6
"(-14, 41)",6
"(16, -9)",6
"(-22, 50)",6
"(-17, 64)",6
"(-3, 25)",6
"(14, -1)",6
"(20, -9)",6
"(-1, -7)",6
"(8, 5)",6
"(-18, 8)",6
"(-23, 53)",6
"(-39, 63)",6
"(-47, 55)",6
"(-27, 60)",6
"(20, -14)",6
"(-16, 8)",6
"(-35, 64)",6
"(-24, 76)",6
"(-50, 64)",6
"(-35, 58)",6
"(-27, 59)",6
"(-49, 64)",6
"(-36, 64)",6
"(-14, 36)",6
"(-24, 68)",6
"(-16, 62)",6
"(5, 10)",6
"(-1, 16)",6
"(18, -5)",6
"(3, 15)",6
"(-19, 77)",6
"(4, 10)",6
"(-48, 66)",6
"(-36, 36)",6
"(-41, 64)",6
"(15, -9)",6
"(9, -18)",6
"(-23, 10)",6
"(9, 2)",6
"(-17, 72)",6
"(-54, 49)",6
"(-36, 61)",6
"(10, -20)",6
"(-10, 33)",6
"(-6, 44)",6
"(-16, 65)",6
"(-51, 49)",6
"(10, 4)",6
"(-25, 53)",6
"(-53, 47)",6
"(-28, 61)",6
"(14, -2)",6
"(5, -10)",6
"(6, -11)",6
"(-9, -2)",5
"(-51, 48)",5
"(-21, 50)",5
"(-32, 58)",5
"(8, 4)",5
"(-53, 39)",5
"(-50, 66)",5
"(-35, 60)",5
"(-24, 11)",5
"(8, -11)",5
"(-16, 67)",5
"(-34, 62)",5
"(-10, -2)",5
"(17, -4)",5
"(-25, 55)",5
"(-16, 5)",5
"(-24, 61)",5
"(-48, 61)",5
"(-20, 6)",5
"(-6, 23)",5
"(-29, 68)",5
"(-44, 69)",5
"(-36, 28)",5
"(-11, 31)",5
"(-55, 42)",5
"(15, -6)",5
"(-37, 60)",5
"(-37, 53)",5
"(5, 3)",5
"(-32, 60)",5
"(-32, 68)",5
"(-39, 62)",5
"(20, -12)",5
"(11, -14)",5
"(-25, 13)",5
"(19, -10)",5
"(-22, 9)",5
"(-13, 0)",5
"(-3, -1)",5
"(-17, 66)",5
"(-31, 62)",5
"(9, 4)",5
"(11, -22)",5
"(15, -8)",5
"(-24, 65)",5
"(-29, 64)",5
"(-48, 37)",5
"(-35, 63)",5
"(-19, 79)",5
"(-9, 86)",5
"(-23, 9)",5
"(19, -7)",5
"(3, -9)",5
"(-30, 64)",5
"(-8, 28)",5
"(-45, 64)",5
"(-24, 58)",5
"(-20, 53)",5
"(-17, 69)",5
"(5, 8)",5
"(-32, 63)",5
"(-18, 5)",5
"(6, -12)",5
"(-40, 50)",5
"(-6, -1)",5
"(-35, 62)",5
"(-17, 2)",5
"(-25, 14)",5
"(-45, 34)",5
"(-45, 67)",5
"(4, -9)",5
"(-16, 3)",5
"(13, -23)",5
"(-45, 62)",5
"(-57, 42)",5
"(6, -14)",5
"(-21, 13)",5
"(-35, 67)",5
"(6, -17)",5
"(-18, 48)",4
"(-34, 32)",4
"(10, 5)",4
"(-35, 26)",4
"(-24, 60)",4
"(3, -6)",4
"(-19, 80)",4
"(-32, 66)",4
"(-21, 5)",4
"(13, -3)",4
"(-10, 86)",4
"(-29, 16)",4
"(-18, 70)",4
"(15, -12)",4
"(14, -16)",4
"(-41, 71)",4
"(-44, 62)",4
"(-17, 68)",4
"(-3, -6)",4
"(18, -14)",4
"(20, -7)",4
"(-16, 68)",4
"(-38, 58)",4
"(12, -8)",4
"(22, -9)",4
"(18, -6)",4
"(-16, 43)",4
"(6, 7)",4
"(6, 6)",4
"(-19, 50)",4
"(5, -14)",4
"(-20, 11)",4
"(-29, 18)",4
"(-51, 52)",4
"(-22, 75)",4
"(19, -15)",4
"(-50, 63)",4
"(15, -22)",4
"(-29, 60)",4
"(13, -17)",4
"(6, -16)",4
"(-39, 64)",4
"(-17, 67)",4
"(21, -10)",4
"(-43, 30)",4
"(-50, 32)",4
"(-3, -8)",4
"(-29, 21)",4
"(20, -5)",4
"(-31, 65)",4
"(-7, -2)",4
"(-26, 60)",4
"(1, 8)",4
"(-33, 66)",4
"(-5, -5)",4
"(-48, 57)",4
"(-34, 71)",4
"(-36, 60)",4
"(8, 1)",4
"(12, -24)",4
"(13, -8)",4
"(-20, 80)",4
"(-7, -3)",4
"(-59, 42)",4
"(-8, -2)",4
"(-24, 66)",4
"(-49, 61)",4
"(-40, 43)",4
"(15, 0)",4
"(-15, 58)",4
"(9, 1)",4
"(-36, 24)",4
"(-29, 23)",4
"(-21, 76)",4
"(-37, 69)",4
"(-30, 57)",4
"(-40, 69)",4
"(19, -5)",4
"(10, 1)",4
"(-1, -9)",4
"(-36, 62)",4
"(6, -20)",4
"(-15, -2)",3
"(-34, 68)",3
"(-36, 25)",3
"(-47, 42)",3
"(7, -15)",3
"(-16, 66)",3
"(-40, 46)",3
"(-29, 59)",3
"(7, -18)",3
"(19, -4)",3
"(-36, 63)",3
"(-38, 69)",3
"(18, -4)",3
"(0, -8)",3
"(-35, 66)",3
"(-6, -7)",3
"(8, -19)",3
"(-22, 77)",3
"(-37, 71)",3
"(-50, 57)",3
"(-45, 31)",3
"(18, 0)",3
"(-8, 45)",3
"(-19, 3)",3
"(17, 0)",3
"(11, 2)",3
"(15, -19)",3
"(-18, 7)",3
"(-37, 25)",3
"(-28, 63)",3
"(21, -6)",3
"(-48, 34)",3
"(5, -12)",3
"(17, -8)",3
"(5, -15)",3
"(-50, 62)",3
"(-30, 69)",3
"(17, -3)",3
"(-51, 65)",3
"(7, -17)",3
"(-24, 70)",3
"(6, -15)",3
"(-19, 78)",3
"(-38, 67)",3
"(-35, 33)",3
"(-34, 64)",3
"(-9, -30)",3
"(-6, -37)",3
"(5, -18)",3
"(12, -15)",3
"(6, 10)",3
"(-10, -4)",3
"(7, -19)",3
"(-51, 64)",3
"(-8, 40)",3
"(21, -7)",3
"(-57, 41)",3
"(-20, 50)",3
"(-38, 64)",3
"(-29, 65)",3
"(-25, 75)",3
"(-40, 64)",3
"(-36, 21)",3
"(-14, 6)",3
"(3, 17)",3
"(-4, -4)",3
"(-54, 48)",3
"(16, -3)",3
"(-50, 60)",3
"(16, -12)",3
"(19, -8)",3
"(-45, 70)",3
"(-16, 63)",3
"(21, -14)",3
"(4, -8)",3
"(-17, 71)",3
"(-20, 5)",3
"(-14, 43)",3
"(-36, 66)",3
"(16, -11)",3
"(-49, 58)",3
"(-2, 18)",3
"(6, -18)",3
"(0, -6)",3
"(-56, 45)",3
"(-21, 77)",3
"(-51, 56)",3
"(17, -7)",3
"(-13, 36)",3
"(7, 5)",3
"(-35, 27)",3
"(16, -10)",3
"(-33, 63)",3
"(-32, 20)",3
"(-24, 67)",3
"(15, -3)",3
"(-39, 69)",3
"(18, -10)",3
"(-11, 52)",3
"(-6, -5)",3
"(-44, 66)",3
"(-28, 66)",3
"(-40, 29)",2
"(29, -17)",2
"(-21, 79)",2
"(23, -8)",2
"(-9, 33)",2
"(-36, 69)",2
"(4, 14)",2
"(19, -6)",2
"(-42, 53)",2
"(-45, 66)",2
"(13, -24)",2
"(-6, -40)",2
"(-2, 26)",2
"(22, -6)",2
"(-43, 68)",2
"(-51, 61)",2
"(-21, 80)",2
"(-50, 36)",2
"(20, -8)",2
"(-47, 34)",2
"(-51, 54)",2
"(-10, -20)",2
"(7, 7)",2
"(-3, -3)",2
"(16, -6)",2
"(-33, 65)",2
"(-29, 58)",2
"(37, -27)",2
"(28, -6)",2
"(-22, 11)",2
"(28, -15)",2
"(-21, 8)",2
"(-6, -39)",2
"(-8, 66)",2
"(18, -3)",2
"(-44, 64)",2
"(-23, 11)",2
"(-9, 87)",2
"(-11, -17)",2
"(-38, 38)",2
"(16, 2)",2
"(-50, 34)",2
"(-26, 12)",2
"(19, -11)",2
"(-2, -9)",2
"(23, -6)",2
"(-5, -37)",2
"(-41, 29)",2
"(-25, 18)",2
"(-1, -3)",2
"(-27, 66)",2
"(6, -8)",2
"(-22, 6)",2
"(-7, -4)",2
"(-7, 26)",2
"(-24, 77)",2
"(-42, 71)",2
"(-11, 38)",2
"(-31, 26)",2
"(15, -11)",2
"(-2, -3)",2
"(-57, 39)",2
"(-31, 19)",2
"(-3, 16)",2
"(-35, 71)",2
"(-7, 45)",2
"(-7, 54)",2
"(-43, 24)",2
"(-7, -38)",2
"(-39, 53)",2
"(-31, 63)",2
"(-52, 37)",2
"(9, 5)",2
"(-43, 66)",2
"(-30, 17)",2
"(-6, 51)",2
"(-47, 32)",2
"(-10, -30)",2
"(-17, 70)",2
"(-25, 64)",2
"(-30, 58)",2
"(-9, -33)",2
"(-54, 51)",2
"(20, -11)",2
"(37, -25)",2
"(-37, 38)",2
"(-34, 24)",2
"(-22, 7)",2
"(-16, 0)",2
"(11, 4)",2
"(-28, 71)",2
"(19, -13)",2
"(-30, 23)",2
"(20, -4)",2
"(-6, -35)",2
"(-25, 65)",2
"(-18, 76)",2
"(23, -12)",2
"(-30, 59)",2
"(-10, -3)",2
"(-25, 12)",2
"(-33, 69)",2
"(25, -5)",2
"(-27, 64)",2
"(-40, 71)",2
"(-29, 63)",2
"(-38, 28)",2
"(-19, 83)",2
"(-28, 15)",2
"(-8, 69)",2
"(27, -5)",2
"(10, -13)",2
"(-7, 52)",2
"(-15, 60)",2
"(-40, 27)",2
"(-39, 60)",2
"(-24, 10)",2
"(-17, 3)",2
"(-43, 64)",2
"(15, 2)",2
"(-49, 66)",2
"(-22, 78)",2
"(-40, 65)",2
"(-37, 66)",2
"(16, 0)",2
"(-50, 61)",2
"(4, 12)",2
"(13, -11)",2
"(-58, 44)",2
"(-11, -19)",2
"(-32, 19)",2
"(-23, 78)",2
"(-49, 65)",2
"(-16, 2)",2
"(13, -15)",2
"(11, 1)",2
"(-30, 26)",2
"(24, -14)",2
"(-7, 57)",2
"(21, -12)",2
"(-15, 1)",2
"(5, -11)",2
"(21, -3)",2
"(12, 3)",2
"(-39, 58)",2
"(14, -18)",2
"(-28, 65)",2
"(-60, 42)",2
"(-31, 60)",2
"(-5, -32)",2
"(6, -6)",2
"(4, -12)",2
"(-13, -2)",2
"(-18, 75)",2
"(-2, 37)",2
"(16, -8)",2
"(-50, 59)",2
"(-13, 41)",2
"(14, -24)",2
"(-15, 67)",2
"(11, -13)",2
"(-44, 30)",2
"(22, -13)",2
"(1, 17)",2
"(-10, 84)",2
"(22, -15)",2
"(-41, 69)",2
"(15, -15)",2
"(-24, 16)",2
"(18, -7)",2
"(3, 20)",2
"(28, -20)",2
"(-9, 79)",2
"(-14, 0)",2
"(14, -22)",2
"(-22, 83)",2
"(17, -2)",1
"(-47, 66)",1
"(22, -5)",1
"(-11, -2)",1
"(-6, 45)",1
"(-16, 75)",1
"(-30, 18)",1
"(-4, -7)",1
"(-10, 81)",1
"(-9, -9)",1
"(-26, 14)",1
"(36, -24)",1
"(17, -6)",1
"(-46, 66)",1
"(-1, -8)",1
"(-59, 47)",1
"(-8, 62)",1
"(-14, 55)",1
"(-2, 42)",1
"(-25, 16)",1
"(-13, 53)",1
"(-30, 71)",1
"(-5, -34)",1
"(-41, 24)",1
"(-7, -5)",1
"(25, -9)",1
"(-6, 72)",1
"(-17, 46)",1
"(-24, 13)",1
"(-58, 43)",1
"(22, -14)",1
"(23, -19)",1
"(-34, 21)",1
"(-5, -20)",1
"(-8, -7)",1
"(-42, 48)",1
"(17, -13)",1
"(-14, -1)",1
"(-8, 44)",1
"(-4, 40)",1
"(38, -25)",1
"(22, -10)",1
"(14, -13)",1
"(17, 1)",1
"(-29, 17)",1
"(-25, 76)",1
"(-8, 58)",1
"(-33, 21)",1
"(27, -18)",1
"(34, -35)",1
"(-30, 60)",1
"(-6, -29)",1
"(18, -8)",1
"(42, -47)",1
"(-8, 72)",1
"(-7, 47)",1
"(18, -9)",1
"(-52, 62)",1
"(-30, 15)",1
"(-15, -4)",1
"(2, 21)",1
"(10, -18)",1
"(17, -12)",1
"(-10, 77)",1
"(-7, 81)",1
"(-56, 47)",1
"(-13, -19)",1
"(23, -16)",1
"(-7, 51)",1
"(24, -9)",1
"(-9, 69)",1
"(-1, -10)",1
"(15, -17)",1
"(18, -13)",1
"(-14, -4)",1
"(-59, 46)",1
"(36, -37)",1
"(-9, 82)",1
"(4, -10)",1
"(6, -19)",1
"(-6, -34)",1
"(42, -35)",1
"(-9, 43)",1
"(-43, 55)",1
"(-18, 80)",1
"(-35, 25)",1
"(-1, 35)",1
"(29, -14)",1
"(-14, 38)",1
"(-24, 80)",1
"(4, 15)",1
"(-37, 36)",1
"(34, -17)",1
"(19, -3)",1
"(24, -1)",1
"(-34, 19)",1
"(22, -4)",1
"(-2, 21)",1
"(0, -10)",1
"(-49, 62)",1
"(-20, 81)",1
"(-13, 43)",1
"(-7, -35)",1
"(-36, 33)",1
"(33, -22)",1
"(-57, 47)",1
"(-1, -13)",1
"(-40, 60)",1
"(-33, 29)",1
"(-6, -32)",1
"(-38, 66)",1
"(9, -19)",1
"(44, -49)",1
"(45, -45)",1
"(-39, 65)",1
"(-7, 55)",1
"(-52, 54)",1
"(-15, -12)",1
"(-15, 63)",1
"(-28, 69)",1
"(-50, 67)",1
"(-25, 74)",1
"(-20, 3)",1
"(-13, -25)",1
"(-6, -6)",1
"(9, 6)",1
"(-47, 64)",1
"(-13, -20)",1
"(36, -29)",1
"(8, -18)",1
"(-10, 36)",1
"(30, -20)",1
"(-10, 87)",1
"(15, -1)",1
"(7, 6)",1
"(21, -21)",1
"(8, -22)",1
"(-39, 27)",1
"(-18, 78)",1
"(-30, 61)",1
"(-35, 24)",1
"(-6, 79)",1
"(-36, 71)",1
"(7, -20)",1
"(-42, 50)",1
"(35, -17)",1
"(-49, 34)",1
"(-34, 18)",1
"(-19, 2)",1
"(-23, -4)",1
"(-5, 69)",1
"(-12, 0)",1
"(34, -25)",1
"(22, -19)",1
"(-31, 71)",1
"(-45, 53)",1
"(-26, 66)",1
"(-32, 23)",1
"(28, -5)",1
"(-7, -1)",1
"(-20, 82)",1
"(21, -9)",1
"(-57, 49)",1
"(-18, 6)",1
"(28, -14)",1
"(11, 5)",1
"(24, -10)",1
"(-8, 74)",1
"(5, 9)",1
"(-10, 72)",1
"(27, -2)",1
"(37, -24)",1
"(9, -20)",1
"(16, -18)",1
"(-15, 62)",1
"(8, -13)",1
"(32, -36)",1
"(26, -20)",1
"(47, -47)",1
"(-33, 20)",1
"(-26, 13)",1
"(17, -17)",1
"(26, -8)",1
"(-37, 22)",1
"(29, -2)",1
"(-18, 79)",1
"(35, -22)",1
"(-17, 0)",1
"(23, -14)",1
"(-42, 62)",1
"(-52, 64)",1
"(24, -4)",1
"(-27, 58)",1
"(16, -13)",1
"(46, -42)",1
"(15, -14)",1
"(-11, -26)",1
"(-23, 80)",1
"(22, -20)",1
"(-5, -24)",1
"(-19, 1)",1
"(-31, 64)",1
"(39, -35)",1
"(-6, 56)",1
"(30, -35)",1
"(-49, 56)",1
"(27, -13)",1
"(-53, 53)",1
"(-24, 78)",1
"(48, -48)",1
"(-9, 31)",1
"(-33, 22)",1
"(27, -26)",1
"(2, 30)",1
"(-3, 47)",1
"(27, -8)",1
"(-7, 44)",1
"(-21, 1)",1
"(9, -13)",1
"(-10, 73)",1
"(6, 12)",1
"(21, -8)",1
"(-14, 1)",1
"(-7, -11)",1
"(12, 1)",1
"(-15, 61)",1
"(21, -15)",1
"(-7, 62)",1
"(32, -21)",1
"(2, -10)",1
"(-7, 86)",1
"(-24, 9)",1
"(16, -1)",1
"(-16, 72)",1
"(17, -1)",1
"(-10, 82)",1
"(-9, 64)",1
"(26, -9)",1
"(10, -8)",1
"(-16, -5)",1
"(-49, 67)",1
"(22, 0)",1
"(-10, -24)",1
"(-5, -1)",1
"(25, -15)",1
"(-16, 70)",1
"(-14, 56)",1
"(8, -20)",1
"(-2, 39)",1
"(-39, 25)",1
"(-13, 48)",1
"(-6, 66)",1
"(-9, -34)",1
"(29, -10)",1
"(-17, 75)",1
"(-35, 22)",1
"(-45, 32)",1
"(-42, 63)",1
"(-17, 74)",1
"(-28, 16)",1
"(-34, 22)",1
"(-58, 47)",1
"(19, -2)",1
"(-3, -7)",1
"(22, -8)",1
"(-32, 18)",1
"(20, 0)",1
"(-4, 45)",1
"(-18, 0)",1
"(-16, 1)",1
"(-12, 53)",1
"(-26, 64)",1
"(-37, 67)",1
"(6, -13)",1
"(-4, -13)",1
"(20, -13)",1
"(-57, 51)",1
"(7, -8)",1
"(27, -19)",1
"(-5, -9)",1
"(34, -21)",1
"(-11, 36)",1
"(-3, 21)",1
"(12, -11)",1
"(29, -25)",1
"(-38, 65)",1
"(31, -17)",1
"(-48, 55)",1
"(39, -37)",1
"(-32, 28)",1
"(15, 1)",1
"(-39, 41)",1
"(-6, -10)",1
"(21, -1)",1
"(24, -13)",1
"(-3, -14)",1
"(-7, 75)",1
"(-40, 24)",1
"(-9, 77)",1
"(12, 2)",1
"(39, -31)",1
"(28, -35)",1
"(-7, 61)",1
"(-9, 74)",1
"(-6, 47)",1
"(-42, 25)",1
"(20, -10)",1
"(-55, 52)",1
"(26, -12)",1
"(-13, -15)",1
"(-36, 22)",1
"(-21, 82)",1
"(25, -14)",1
"(-9, 88)",1
"(-51, 57)",1
"(-38, 55)",1
"(32, -15)",1
"(-10, 50)",1
"(-6, 49)",1
"(-7, -27)",1
"(-9, 81)",1
"(-39, 23)",1
"(13, 1)",1
"(-18, 74)",1
"(-14, 57)",1
"(30, -27)",1
"(-55, 47)",1
"(-14, 59)",1
"(-18, 77)",1
"(16, -2)",1
"(-42, 60)",1
"(37, -35)",1
"(7, 3)",1
"(-34, 23)",1
"(-5, 62)",1
"(-7, -34)",1
"(24, -12)",1
"(-33, 60)",1
"(19, -22)",1
"(-48, 67)",1
"(-30, 16)",1
"(-12, 61)",1
"(43, -35)",1
"(14, -11)",1
"(24, -7)",1
"(-41, 67)",1
"(32, -24)",1
"(35, -32)",1
"(19, -1)",1
"(-56, 49)",1
"(-18, 2)",1
"(-3, -39)",1
"(-53, 37)",1
"(28, -19)",1
"(-31, 16)",1
"(27, -6)",1
"(8, -16)",1
"(-32, 71)",1
"(-52, 59)",1
"(-10, 79)",1
"(-27, 13)",1
"(18, 1)",1
"(5, -9)",1
"(-55, 50)",1
"(8, -21)",1
"(-16, 74)",1
"(-10, 80)",1
"(3, 8)",1
"(-7, -14)",1
"(39, -47)",1
"(20, -1)",1
"(-4, -6)",1
"(-22, 79)",1
"(-14, 63)",1
"(-40, 66)",1
"(-1, 34)",1
"(-17, 73)",1
"(-23, 7)",1
"(-17, 76)",1
"(-42, 58)",1
"(-30, 65)",1
"(11, -16)",1
"(-33, 71)",1
"(-11, -4)",1
"(-9, 76)",1
"(-5, 64)",1
"(-5, -7)",1
"(-2, -10)",1
"(7, -11)",1
"(-25, 60)",1
"(20, -15)",1
"(-53, 56)",1
"(-38, 26)",1
"(-14, -8)",1
"(24, -20)",1
"(17, 2)",1
"(7, -21)",1
"(28, -9)",1
"(24, -6)",1
"(-41, 66)",1
"(44, -42)",1
"(-33, 19)",1
"(-18, 3)",1
"(8, 3)",1
"(24, -15)",1
"(2, 29)",1
"(-8, 71)",1
"(-21, 10)",1
"(-4, 51)",1
"(-37, 21)",1
"(-8, 78)",1
"(-10, 76)",1
"(-15, -10)",1
"(24, 0)",1
"(-8, 85)",1
"(-3, -29)",1
